Row Labels,blocked_shot,faceoff,giveaway_takeaway,goal,hit,missed_shot,other,pass,penalty,puck_recovery,shot,zone_entry,zone_exit,Grand Total
2,0,0,0,0,0,0,0,3,0,2,0,0,0,5
3,0,0,2,0,0,0,0,1,0,0,0,0,0,3
4,0,0,1,0,0,0,0,10,1,4,0,0,0,16
5,18,0,27,0,3,13,0,193,2,41,14,48,74,433
6,23,0,57,3,7,35,0,374,1,80,35,71,151,837
7,41,0,81,1,24,31,0,390,8,148,32,135,239,1130
8,6,0,24,0,1,5,0,95,2,24,7,26,51,241
9,6,0,24,0,14,6,0,87,5,40,8,23,43,256
10,4,0,15,0,8,4,0,55,3,20,13,23,41,186
11,11,0,35,0,5,9,0,260,4,62,21,61,105,573
12,25,0,48,1,7,25,0,358,2,103,34,98,168,869
13,13,0,34,0,0,10,0,233,3,75,20,74,130,592
14,46,0,54,2,3,31,0,378,1,81,50,102,222,970
16,40,0,100,4,6,41,0,464,6,139,66,161,268,1295
17,11,3,95,6,32,22,0,153,2,76,47,156,83,686
18,6,71,38,2,9,6,0,112,1,58,16,67,59,445
19,0,27,17,1,7,3,0,38,3,21,1,20,20,158
20,17,93,52,5,26,21,0,240,4,100,34,98,75,765
21,5,1,28,0,5,2,0,55,2,23,8,36,18,183
22,7,4,26,1,6,7,0,68,3,38,14,57,49,280
23,2,16,33,0,8,8,0,102,2,40,6,61,48,326
24,34,75,105,11,8,27,0,510,4,150,58,208,134,1324
25,8,3,36,3,13,16,0,108,6,53,30,92,76,444
26,28,9,132,10,14,22,0,454,2,141,53,195,177,1237
27,1,0,0,0,0,0,0,2,0,2,0,2,2,9
28,13,2,45,3,7,11,0,208,1,87,30,111,84,602
29,0,0,4,0,8,2,0,12,5,8,3,7,8,57
30,17,147,123,4,12,19,0,384,8,129,32,195,149,1219
31,13,103,55,3,15,10,0,277,5,84,20,95,63,743
32,5,2,43,5,12,8,0,127,7,41,6,47,39,342
33,23,2,114,2,6,16,0,407,4,155,34,139,109,1011
34,15,146,83,10,17,18,1,242,6,123,41,150,120,972
35,15,4,75,6,42,29,0,230,13,119,36,147,106,822
36,0,0,0,0,0,0,0,1,0,0,0,0,0,1
37,0,0,3,0,0,0,0,10,0,6,0,1,2,22
39,0,0,2,0,0,0,0,10,0,9,1,0,1,23
40,7,0,14,0,8,3,0,80,1,32,4,24,50,223
41,71,0,142,9,8,58,0,812,10,221,90,196,347,1964
42,24,0,78,2,21,19,0,282,7,110,41,135,216,935
43,2,2,32,1,6,7,0,171,4,48,7,50,95,425
44,26,0,118,2,21,25,0,355,14,158,37,128,253,1137
45,45,1,100,1,1,25,0,574,5,148,54,146,295,1395
46,45,0,107,4,6,34,0,496,8,159,54,172,286,1371
47,12,0,51,2,12,10,0,248,4,87,13,81,130,650
48,9,1,75,4,21,13,0,142,4,83,19,110,82,563
49,4,37,79,6,32,10,0,201,6,77,27,130,104,713
50,40,3,80,12,9,34,0,320,0,130,58,136,90,912
51,7,1,112,6,11,13,0,269,2,95,32,142,78,768
52,8,60,54,3,3,9,0,143,7,73,17,90,74,541
53,1,12,3,0,0,0,0,21,4,9,1,8,13,72
54,0,1,13,0,1,2,0,13,1,11,1,8,7,58
55,15,87,73,3,12,14,0,179,4,92,32,154,124,789
56,17,145,50,2,11,19,0,207,6,91,28,114,89,779
57,18,5,58,6,7,19,0,287,3,103,39,154,116,815
58,28,0,88,6,7,20,0,186,11,89,48,161,91,735
59,11,3,90,12,26,27,0,365,6,130,54,174,100,998
60,16,91,87,3,18,21,0,374,7,110,24,154,87,992
61,4,13,14,0,0,3,0,31,0,20,5,34,27,151
62,25,199,92,12,5,20,0,575,8,170,56,187,142,1491
63,14,25,96,6,3,11,0,442,5,98,29,156,110,995
64,0,0,0,0,0,1,0,1,0,0,0,0,0,2
66,0,0,3,0,0,0,0,31,0,25,0,0,0,59
67,0,0,2,0,0,0,0,6,0,7,0,1,2,18
68,0,0,1,0,0,0,0,1,0,2,0,0,0,4
69,7,0,38,0,10,9,0,104,2,53,16,42,66,347
70,28,0,89,1,16,25,0,383,6,146,41,131,202,1068
71,10,0,43,0,11,4,0,143,1,56,6,45,78,397
72,37,0,90,1,7,24,0,403,8,148,39,150,220,1127
73,46,0,115,4,18,29,0,585,10,202,43,183,349,1584
74,5,0,17,0,8,4,0,84,1,36,8,31,41,235
75,62,0,89,4,22,44,0,558,7,139,67,155,260,1407
76,34,0,114,1,10,27,0,530,5,156,46,113,210,1246
77,17,0,21,2,3,3,0,107,1,40,10,35,64,303
78,18,0,54,2,8,8,0,247,3,100,14,77,126,657
79,5,77,29,0,28,5,0,103,2,57,19,64,47,436
80,2,7,2,0,2,0,0,6,3,3,2,6,7,40
81,8,0,47,3,14,14,0,116,3,67,23,116,87,498
82,15,286,132,6,21,15,0,369,6,156,50,229,178,1463
83,19,20,94,13,11,29,0,457,7,141,52,144,129,1116
84,3,11,5,0,0,0,0,47,0,5,1,7,5,84
85,26,3,110,9,12,21,0,345,3,147,64,205,164,1109
86,0,0,1,0,0,0,0,0,0,0,0,0,0,1
87,12,1,90,2,21,23,0,173,11,71,33,134,88,659
88,16,0,83,5,1,12,0,330,1,90,43,135,103,819
89,8,3,31,2,8,10,0,86,4,45,12,52,36,297
90,0,2,2,0,0,0,0,3,0,1,1,1,3,13
91,13,132,104,8,20,13,0,210,5,129,46,168,125,973
92,14,68,67,4,5,16,0,324,8,115,43,111,80,855
93,0,7,7,0,0,1,0,26,1,14,2,9,9,76
94,7,66,64,2,27,16,0,210,2,92,31,124,118,759
95,6,1,62,0,11,6,0,96,5,53,20,92,75,427
96,5,1,48,5,34,7,0,117,7,69,20,97,67,477
97,13,0,136,7,5,29,0,519,3,178,50,187,164,1291
98,9,154,92,5,10,13,0,369,7,115,36,129,92,1031
99,6,0,4,2,0,3,0,34,2,11,8,12,14,96
100,3,2,14,0,1,2,0,50,0,23,6,27,22,150
101,0,0,1,0,0,1,0,14,0,6,0,0,0,22
102,1,0,1,0,0,0,0,3,0,1,0,0,0,6
103,0,0,0,0,0,0,0,2,0,2,0,0,1,5
104,0,0,0,0,0,0,0,0,0,1,0,0,0,1
105,0,0,1,0,0,0,0,9,2,3,0,1,2,18
106,31,0,75,0,34,21,0,375,12,135,34,158,218,1093
107,12,0,32,0,8,14,0,183,11,72,15,68,91,506
108,0,0,0,0,0,0,0,0,0,0,0,0,1,1
109,6,0,27,1,1,6,0,122,0,31,17,21,40,272
110,17,0,76,0,7,14,0,371,4,107,24,102,176,898
111,16,0,107,0,6,28,0,580,9,159,37,119,233,1294
112,9,0,19,0,3,3,0,72,1,37,11,47,49,251
113,19,0,64,3,12,17,0,159,8,78,25,112,155,652
114,2,0,29,0,7,2,0,86,2,40,10,38,45,261
115,28,0,68,3,7,24,0,320,1,79,38,100,124,792
116,43,0,120,2,7,47,0,736,4,215,54,170,360,1758
117,7,5,90,11,40,22,0,204,7,114,33,108,86,727
118,1,0,1,0,0,0,0,4,0,2,0,2,1,11
120,18,2,79,4,10,18,0,285,7,94,44,121,100,782
121,12,50,79,8,15,8,0,383,7,124,35,158,121,1000
122,1,12,17,1,4,3,0,33,2,17,8,25,22,145
123,9,2,116,4,5,7,0,367,6,94,20,171,138,939
124,7,183,55,4,36,12,0,197,8,102,26,135,132,897
125,7,6,60,0,27,14,0,154,10,95,25,138,111,647
126,1,0,68,4,26,9,0,127,7,70,9,95,66,482
127,2,6,44,1,12,7,0,136,8,77,16,97,70,476
128,8,123,64,3,39,6,0,170,13,112,34,120,84,776
129,9,253,97,13,23,16,0,347,4,140,52,182,132,1268
130,1,1,26,1,4,3,0,38,0,23,10,23,20,150
131,15,12,91,4,14,17,0,296,3,107,36,161,99,855
132,1,7,0,0,0,0,0,10,0,5,1,4,5,33
133,12,92,72,6,4,20,0,183,12,63,38,95,59,656
134,7,1,51,2,4,8,0,147,2,49,20,68,52,411
135,12,34,34,6,5,9,0,154,1,39,25,61,41,421
136,0,0,0,0,0,0,0,11,0,3,0,0,0,14
137,0,0,1,0,0,0,0,6,0,6,0,0,1,14
138,0,0,2,0,0,0,0,6,0,1,0,0,0,9
139,28,0,69,1,5,18,0,319,11,87,34,82,151,805
140,20,0,70,3,14,12,0,298,5,110,17,90,140,779
141,39,0,100,5,5,19,0,949,8,166,31,115,233,1670
142,12,0,66,1,54,9,0,397,8,118,15,104,180,964
143,8,0,36,0,6,0,0,129,7,55,9,53,102,405
144,20,1,98,1,23,15,0,515,21,159,25,113,238,1229
145,32,0,101,2,8,28,0,595,7,132,32,133,223,1293
146,0,0,1,0,0,0,0,0,0,0,0,0,0,1
147,1,0,9,0,0,1,0,30,0,5,0,8,13,67
148,12,0,113,1,12,12,0,417,10,118,16,106,200,1017
149,1,0,11,0,2,3,0,51,2,16,2,1,14,103
150,9,1,33,1,6,7,0,102,1,28,15,44,43,290
151,57,6,147,9,8,53,0,888,14,193,80,235,241,1931
152,10,3,60,0,5,12,0,181,4,63,16,128,130,612
153,20,191,135,9,4,22,0,639,4,157,35,233,151,1600
154,14,6,132,9,9,29,0,433,5,148,50,193,148,1176
155,13,1,65,7,9,9,0,221,4,79,28,86,69,591
156,0,0,1,0,0,1,0,1,0,1,0,0,0,4
157,9,192,120,3,20,10,0,312,13,127,43,152,126,1127
158,4,0,69,4,26,15,0,243,17,111,27,162,139,817
159,2,0,17,0,1,2,0,52,0,23,5,29,21,152
160,11,2,79,6,14,7,0,248,14,102,39,128,90,740
161,10,23,79,7,6,17,0,221,6,107,36,122,108,742
162,15,127,79,6,23,14,0,228,6,101,18,101,110,828
163,9,229,105,6,20,12,0,528,8,125,19,158,123,1342
164,42,1,101,12,3,26,0,304,1,95,54,182,133,954
165,26,3,76,10,5,18,0,440,4,106,39,101,78,906
166,15,13,97,6,23,16,0,332,8,137,45,186,139,1017
167,0,1,4,0,0,0,0,13,1,10,0,1,2,32
168,0,0,0,0,0,0,0,3,0,3,0,0,0,6
169,0,0,3,0,0,0,0,20,1,23,0,0,3,50
170,15,1,71,4,24,30,0,347,10,114,37,130,123,906
171,19,1,74,1,31,11,0,326,11,118,18,116,176,902
173,52,0,121,1,31,30,0,393,12,168,36,140,225,1209
174,13,0,27,1,4,12,0,177,1,57,16,41,87,436
175,23,0,43,2,15,13,0,263,1,70,17,38,109,594
176,18,0,76,0,22,20,0,353,4,113,33,89,164,892
177,2,0,15,1,5,3,0,54,2,18,4,25,25,154
178,22,1,50,1,14,18,0,417,0,129,37,98,173,960
179,11,0,39,0,4,5,0,236,1,66,8,35,89,494
180,19,0,89,5,11,23,0,554,9,181,40,163,255,1349
181,8,0,15,0,15,4,0,104,3,41,6,32,50,278
182,5,143,94,5,5,6,0,373,7,132,22,164,127,1083
183,3,76,47,2,1,6,0,79,2,34,12,51,44,357
184,13,1,71,4,10,18,0,206,7,98,28,114,89,659
185,3,1,15,0,2,3,0,49,1,19,4,22,17,136
186,2,0,11,0,3,1,0,26,1,15,4,19,15,97
187,14,2,99,5,4,32,0,213,3,112,69,182,124,859
188,11,10,85,4,7,12,0,356,4,112,27,115,104,847
189,9,7,51,3,20,15,0,165,2,59,22,79,60,492
190,0,0,1,0,1,0,0,4,0,0,0,0,0,6
191,14,0,85,3,16,12,0,206,11,107,27,129,121,731
192,17,0,106,3,13,23,0,230,7,95,43,161,118,816
193,7,60,37,1,3,7,0,108,4,62,15,62,70,436
194,3,35,17,0,4,4,0,43,2,17,11,21,16,173
195,0,1,3,0,0,0,0,8,0,4,0,1,1,18
196,4,39,21,2,9,5,0,87,1,28,11,28,34,269
197,6,8,22,1,3,2,0,65,3,13,5,38,19,185
198,14,45,34,2,8,11,0,124,2,42,21,62,47,412
199,1,13,15,0,0,4,0,35,0,13,3,19,15,118
200,9,26,55,5,10,13,0,137,3,69,29,92,58,506
201,4,1,42,1,9,12,0,118,4,53,16,84,48,392
202,9,76,62,3,2,11,0,186,4,62,7,65,71,558
203,6,11,18,1,0,4,0,90,1,31,14,42,25,243
204,0,0,11,0,5,3,0,23,0,13,7,11,10,83
205,4,86,29,2,7,12,0,114,3,55,19,59,34,424
206,7,3,36,2,12,12,0,108,7,35,20,60,44,346
207,0,0,2,0,0,0,0,2,0,3,0,0,1,8
208,0,0,2,0,0,0,0,7,1,6,0,0,0,16
211,0,0,0,0,0,0,0,0,0,0,0,0,1,1
212,0,0,3,0,0,2,0,28,1,6,0,2,6,48
213,30,1,121,4,7,19,0,671,11,133,43,158,296,1494
214,38,0,89,1,10,31,0,553,5,105,40,138,231,1241
215,1,0,3,0,1,0,0,11,1,4,0,4,3,28
216,47,0,129,1,31,46,0,525,5,162,74,151,261,1432
217,8,0,19,0,20,10,0,117,5,31,9,38,91,348
218,40,1,67,1,21,22,0,555,8,119,52,132,227,1245
219,4,0,9,0,9,5,0,56,4,19,5,12,21,144
220,5,0,22,0,4,2,0,62,4,23,6,28,41,197
221,31,0,60,0,20,24,0,335,4,78,45,70,151,818
222,9,0,76,3,47,10,0,367,10,95,27,98,172,914
223,0,0,5,0,5,1,0,10,1,6,1,12,11,52
224,9,5,94,8,43,14,0,213,10,115,36,169,148,864
225,4,3,10,1,2,1,0,41,0,13,0,19,11,105
226,13,1,82,7,34,11,0,171,5,94,30,125,110,683
227,2,0,15,0,0,3,0,44,0,16,2,29,27,138
228,7,116,59,3,7,12,0,132,5,65,14,94,85,599
229,18,0,86,1,4,12,0,334,7,113,33,134,127,869
230,9,0,67,2,64,8,0,177,9,103,30,158,146,773
231,10,118,88,5,23,16,0,342,3,125,22,129,113,994
232,34,5,88,13,11,39,0,354,5,112,64,214,148,1087
233,2,2,37,1,6,4,0,99,2,37,5,65,43,303
234,7,0,82,0,6,10,0,229,3,102,15,144,134,732
235,2,50,17,1,9,5,0,113,5,42,15,46,38,343
236,18,94,78,5,18,15,0,221,3,106,40,158,123,879
237,4,195,82,3,13,15,0,320,2,117,22,141,124,1038
238,4,0,22,2,2,10,0,62,1,30,9,38,32,212
239,8,1,48,1,4,3,0,76,3,59,13,60,51,327
240,18,123,102,7,12,14,0,357,5,137,59,171,144,1149
241,0,0,1,0,0,0,0,8,2,2,0,0,2,15
242,0,0,0,0,0,0,0,1,0,0,0,0,0,1
243,0,0,2,0,0,0,0,37,1,11,0,0,2,53
244,13,0,24,0,2,6,0,127,3,41,14,29,67,326
245,12,0,40,2,7,14,0,165,6,84,10,78,120,538
246,18,0,37,4,7,19,0,235,2,58,32,58,76,546
247,39,0,61,2,34,27,0,412,13,110,37,85,174,994
248,20,0,32,0,8,16,0,145,2,61,20,74,98,476
249,24,0,51,2,9,15,0,323,3,103,27,58,92,707
250,70,0,83,10,11,42,0,706,3,148,62,170,356,1661
251,32,0,86,0,14,18,0,488,7,127,32,104,213,1121
252,26,0,85,1,50,26,0,289,14,118,25,135,160,929
253,12,0,52,0,19,17,0,271,13,78,15,75,113,665
254,6,1,8,0,1,3,0,18,1,13,4,15,14,84
255,10,16,78,4,5,20,0,267,5,97,22,117,98,739
256,31,3,97,5,5,22,0,424,13,138,40,139,106,1023
257,14,5,92,3,6,19,0,352,5,129,32,140,124,921
258,12,81,54,1,12,13,0,173,1,76,21,91,66,601
259,6,90,43,5,20,10,0,127,7,71,24,90,76,569
260,19,5,63,5,27,24,0,245,5,91,42,156,104,786
261,21,155,152,9,5,32,0,488,8,200,52,211,139,1472
262,33,8,126,9,30,23,0,360,7,157,58,202,144,1157
263,4,7,37,3,6,10,0,92,4,56,30,88,59,396
264,4,3,31,1,8,5,0,114,4,50,14,69,55,358
265,2,0,1,0,1,1,0,6,1,5,1,5,7,30
266,3,0,32,1,22,7,0,76,14,45,6,57,40,303
267,1,10,3,0,2,0,0,17,0,11,3,9,11,67
268,0,0,1,1,1,1,0,10,0,2,1,0,2,19
269,30,6,73,6,9,22,0,254,5,82,35,110,75,707
270,0,4,0,0,0,0,0,4,0,1,1,3,1,14
271,20,176,117,2,6,15,0,391,2,145,30,178,163,1245
272,17,214,126,4,22,22,0,502,9,146,30,193,170,1455
273,20,2,91,7,11,11,0,294,3,101,41,152,123,856
274,0,0,2,0,0,0,0,16,0,12,0,0,2,32
275,0,0,3,0,0,0,0,10,0,4,0,0,0,17
276,0,0,2,0,0,0,0,23,0,14,0,0,1,40
277,0,0,0,0,0,0,0,0,0,1,0,0,1,2
278,14,0,12,0,0,6,0,158,0,45,20,26,63,344
279,18,0,70,0,11,12,0,373,7,111,21,74,175,872
280,14,0,65,2,23,14,0,393,11,118,21,84,147,892
281,9,0,60,0,11,7,0,247,9,92,13,64,87,599
282,7,0,19,2,6,5,0,113,0,35,6,25,40,258
283,20,0,105,0,39,14,0,401,13,136,20,116,180,1044
284,34,1,94,3,16,29,0,531,13,160,50,114,201,1246
285,11,0,50,0,9,11,0,163,4,58,8,41,74,429
286,26,3,98,2,15,30,0,642,6,192,41,169,312,1536
287,29,0,84,0,34,20,0,451,6,155,26,99,221,1125
289,21,66,98,5,8,17,0,338,10,104,34,146,86,933
290,8,52,44,2,4,8,0,191,0,55,13,51,41,469
291,11,68,89,8,20,14,0,196,6,95,38,137,122,804
292,5,0,20,0,10,4,0,52,4,18,8,36,19,176
293,23,15,131,7,8,24,0,409,9,137,32,155,137,1087
294,7,3,39,2,9,7,0,90,3,38,12,55,39,304
295,6,0,34,1,2,8,0,82,1,39,12,44,31,260
296,0,0,3,0,4,1,0,12,1,7,5,12,7,52
297,5,1,67,2,4,10,0,150,2,70,18,80,80,489
298,11,4,80,4,3,11,0,178,3,73,26,142,99,634
299,8,203,65,4,28,10,0,168,4,105,23,91,129,838
300,22,138,97,9,24,14,0,314,8,126,40,144,104,1040
301,33,11,98,6,10,33,0,488,11,158,58,181,122,1209
302,11,117,125,6,17,10,0,216,5,133,36,173,133,982
303,11,41,91,7,25,22,0,296,8,127,37,182,128,975
304,2,5,4,0,0,0,0,10,2,9,2,11,5,50
305,7,7,60,1,6,6,0,163,4,55,21,77,43,450
306,13,1,92,3,43,21,0,193,12,112,50,146,105,791
307,0,0,9,0,0,3,0,15,2,12,2,11,1,55
308,8,1,42,2,9,10,0,97,8,46,25,70,53,371
309,0,0,2,0,0,0,0,6,0,6,0,0,0,14
310,0,0,1,0,0,0,0,4,0,4,1,0,0,10
311,0,0,2,0,0,0,0,24,0,15,1,1,1,44
313,20,0,64,2,2,14,0,351,6,90,23,97,210,879
314,17,0,62,1,17,20,0,418,3,125,25,102,217,1007
315,11,0,46,0,15,13,0,151,3,64,10,71,91,475
316,24,0,94,1,13,11,0,545,4,164,18,109,247,1230
317,13,1,62,1,5,16,0,361,2,122,17,63,135,798
318,31,1,121,1,43,26,0,482,3,182,31,151,281,1353
319,18,0,67,0,9,18,0,267,2,90,23,91,181,766
320,7,0,52,0,17,7,0,166,11,66,7,53,99,485
321,3,0,7,0,1,2,0,29,0,16,3,17,31,109
322,16,0,97,1,7,18,0,318,8,129,17,80,190,881
324,19,3,82,5,5,17,0,218,1,67,32,101,77,627
325,14,111,100,3,6,17,0,356,6,119,32,154,121,1039
326,5,0,61,2,34,10,0,163,16,87,19,105,82,584
327,2,0,8,1,3,0,0,10,1,4,1,21,14,65
328,0,0,3,1,0,1,0,18,0,2,3,8,5,41
329,1,0,18,0,4,0,0,28,2,19,5,20,11,108
330,16,173,76,3,16,19,0,325,6,111,32,141,115,1033
331,9,104,70,5,21,16,0,174,6,118,27,114,90,754
332,14,15,74,2,10,13,0,164,10,107,37,142,94,682
333,10,4,114,5,14,19,0,339,3,133,28,167,115,951
335,12,1,62,5,19,14,0,119,9,87,30,112,105,575
336,13,14,69,6,13,18,0,248,6,78,29,95,97,686
337,0,4,6,0,0,0,0,12,1,6,3,6,9,47
338,11,125,61,2,11,7,0,163,2,95,25,111,83,696
339,13,2,89,5,20,20,0,229,14,104,22,132,103,753
340,5,142,72,5,28,6,0,172,10,92,30,82,72,716
341,0,0,6,0,2,1,0,10,1,7,2,7,9,45
342,3,0,10,0,3,2,0,22,0,14,5,24,18,101
343,16,0,103,7,6,18,0,348,8,111,37,172,110,936
344,20,42,76,6,9,15,0,310,3,75,41,88,64,749
345,7,1,50,2,23,9,0,136,9,68,15,98,74,492
347,0,0,2,0,0,0,0,8,0,7,0,0,2,19
348,0,0,1,0,0,0,0,12,1,7,0,2,2,25
352,1,0,2,0,2,1,0,15,1,4,0,7,11,44
353,28,0,76,1,11,29,0,460,3,158,37,182,289,1274
354,33,0,77,3,13,19,0,299,5,119,29,108,213,918
355,9,0,39,0,12,15,0,150,4,67,17,49,93,455
356,4,0,17,0,11,2,0,48,4,29,6,24,50,195
357,27,0,61,0,36,20,0,236,14,87,20,102,135,738
358,51,0,99,1,25,34,0,440,6,159,38,113,282,1248
359,12,0,29,0,8,8,0,115,5,48,11,33,73,342
360,11,0,73,0,7,10,0,285,1,110,12,89,156,754
361,11,0,11,0,2,9,0,120,2,41,10,38,62,306
362,46,0,88,6,5,37,0,474,2,146,40,119,248,1211
363,2,0,2,0,0,1,0,5,0,3,0,1,4,18
364,29,0,103,4,43,31,0,240,7,119,38,197,132,943
365,9,2,66,3,25,16,0,210,3,106,26,146,134,746
366,11,0,63,1,19,15,0,140,6,67,28,96,66,512
367,7,105,53,2,19,16,0,181,5,82,24,119,103,716
368,3,52,22,1,4,8,0,91,2,36,10,33,31,293
369,0,14,15,0,2,2,0,33,0,9,2,17,19,113
370,23,52,102,9,20,37,0,434,7,139,48,168,133,1172
371,9,178,71,3,34,11,0,182,12,103,30,125,117,875
372,3,2,24,3,9,3,0,65,1,32,7,38,24,211
373,4,1,44,3,20,12,0,154,5,73,15,85,46,462
374,5,0,29,1,12,6,0,90,8,36,21,62,35,305
375,1,0,14,0,8,1,0,31,2,13,5,17,13,105
376,0,0,0,0,0,0,0,0,0,0,0,1,0,1
377,5,6,17,1,1,3,0,63,0,19,3,23,18,159
378,15,69,39,4,2,8,0,147,2,53,21,69,57,486
379,0,2,1,0,1,0,0,4,0,5,1,6,7,27
380,11,2,89,1,20,10,0,207,7,105,16,125,91,684
381,8,10,21,1,3,6,0,71,2,33,9,41,13,218
382,5,0,11,0,1,3,0,61,0,15,4,19,14,133
383,15,137,78,8,19,20,1,344,11,146,36,154,106,1075
384,20,1,66,2,27,23,0,160,5,107,48,116,91,666
385,8,29,55,1,6,10,0,174,5,79,22,84,76,549
386,0,0,3,0,0,0,0,7,0,12,0,1,1,24
389,0,0,0,0,0,0,0,0,0,1,0,0,0,1
391,0,0,0,0,0,0,0,7,0,2,0,0,0,9
392,0,0,0,0,0,0,0,0,1,0,0,0,0,1
393,2,0,0,0,0,3,0,16,0,4,1,6,9,41
394,18,1,66,0,8,15,0,326,8,104,37,128,188,899
395,3,0,11,0,3,6,0,80,2,28,3,13,23,172
396,1,0,1,0,0,0,0,8,0,1,0,6,4,21
397,21,0,58,1,12,13,0,425,4,124,23,110,176,967
398,31,0,104,0,9,22,0,499,4,164,38,154,236,1261
399,26,0,80,0,16,23,0,328,6,99,17,84,185,864
400,0,0,2,0,3,1,0,10,2,7,2,6,6,39
401,56,0,90,4,15,36,0,687,11,155,51,111,223,1439
402,3,1,1,0,0,0,0,12,0,1,1,2,4,25
403,23,0,62,1,7,18,0,411,14,101,25,97,208,967
404,5,0,27,0,5,10,0,152,3,44,11,27,59,343
405,4,19,18,3,1,4,0,56,0,33,15,40,22,215
406,5,36,16,1,0,4,0,56,2,25,7,21,30,203
407,4,0,27,0,4,3,0,72,6,32,6,55,43,252
408,0,0,10,0,2,2,0,24,0,8,5,14,12,77
409,2,31,18,3,3,2,0,92,2,43,13,35,25,269
410,25,218,96,11,16,26,0,404,2,155,53,150,100,1256
411,5,61,39,1,3,5,0,97,4,39,11,42,47,354
412,10,79,68,3,24,18,0,234,3,126,36,148,127,876
413,4,4,9,1,1,0,0,72,1,16,3,22,26,159
414,12,2,83,8,7,27,0,390,8,132,53,156,105,983
415,19,2,71,7,1,14,0,391,1,100,51,144,114,915
416,6,59,28,0,4,6,0,91,2,57,11,40,37,341
417,30,7,120,6,3,27,0,466,1,121,61,230,169,1241
418,1,0,11,0,0,5,0,39,2,12,11,12,7,100
419,6,3,64,3,9,19,0,248,10,76,32,105,91,666
420,1,0,11,0,1,5,0,19,1,15,3,17,8,81
421,4,0,30,1,2,4,0,77,3,31,11,42,26,231
422,6,0,40,3,1,7,0,114,4,55,14,78,62,384
423,18,32,93,3,9,28,0,279,6,104,53,112,73,810
424,25,76,81,2,3,16,1,351,6,110,44,159,109,983
425,2,1,18,1,5,3,0,53,2,19,3,23,23,153
426,12,2,68,3,4,14,0,274,8,80,33,130,95,723
427,0,0,1,0,0,0,0,8,0,8,0,0,0,17
428,0,0,0,0,0,0,0,1,0,0,0,0,0,1
429,0,0,0,0,0,0,0,4,0,0,0,0,0,4
430,0,0,4,0,0,1,0,27,2,9,0,2,1,46
432,25,0,86,1,13,26,0,421,3,136,22,82,175,990
433,7,0,21,0,8,5,0,73,0,27,3,16,42,202
434,0,0,1,0,0,0,0,3,0,1,0,0,2,7
435,15,0,63,2,36,5,0,282,10,106,15,51,118,703
436,9,0,6,0,1,0,0,48,0,6,2,9,14,95
437,31,1,93,1,20,12,0,395,9,125,36,156,304,1183
438,56,0,123,1,2,24,0,644,9,192,51,167,354,1623
439,17,0,67,1,31,11,0,195,4,72,32,65,127,622
440,43,0,75,4,11,21,0,442,3,121,44,118,202,1084
441,16,0,70,1,19,15,0,315,7,102,17,93,161,816
442,26,1,95,2,10,16,0,384,4,86,44,112,105,885
443,26,5,100,7,13,22,0,419,2,158,62,198,152,1164
444,17,1,94,2,28,16,0,259,8,122,51,153,104,855
445,2,0,5,0,2,1,0,19,0,9,3,12,10,63
446,16,115,90,2,6,11,0,311,6,117,28,150,140,992
447,6,0,26,0,4,4,0,37,0,24,12,54,30,197
448,1,0,4,0,0,1,0,8,0,3,2,8,2,29
449,2,2,26,2,4,4,0,77,4,41,13,49,24,248
450,5,38,28,2,8,4,0,96,1,37,15,48,29,311
451,0,0,0,0,0,0,0,0,0,0,1,1,0,2
452,18,8,104,5,9,16,0,318,5,152,57,192,132,1016
453,9,167,82,3,11,18,0,197,4,87,28,129,111,846
454,23,75,96,3,19,19,0,274,6,128,47,154,129,973
455,9,2,68,1,7,14,0,224,4,81,37,101,78,626
456,10,2,83,3,22,8,0,196,7,94,34,106,78,643
457,7,0,88,7,15,9,0,237,3,88,28,141,73,696
458,2,42,25,1,7,1,0,67,2,37,15,37,24,260
459,1,0,22,1,11,5,0,31,4,22,7,32,23,159
460,14,181,145,8,10,19,0,452,4,134,40,200,140,1347
463,0,0,3,0,0,0,0,20,1,16,0,1,1,42
464,25,0,100,0,24,21,0,348,4,144,15,130,221,1032
465,0,0,4,0,0,0,0,5,1,5,1,1,3,20
466,16,0,63,0,6,13,0,288,4,102,25,71,132,720
467,33,0,124,1,29,23,0,354,12,132,24,123,218,1073
468,5,0,17,0,8,5,0,65,2,22,2,25,44,195
469,19,0,44,3,6,16,0,308,4,77,21,63,148,709
470,11,0,46,0,6,15,0,175,2,78,17,80,128,558
471,3,0,1,0,0,1,0,4,0,2,0,1,0,12
472,0,0,4,0,0,2,0,19,1,11,2,3,9,51
473,33,0,79,4,10,15,0,346,6,101,27,78,158,857
474,1,0,14,0,2,2,0,75,0,23,0,8,25,150
475,22,0,89,1,17,16,0,289,3,116,22,125,194,894
476,1,21,23,2,1,1,0,40,2,33,8,30,18,180
477,20,5,112,12,12,23,0,225,7,114,47,167,128,872
478,17,12,101,7,12,33,0,289,6,88,48,152,109,874
479,6,26,29,3,2,7,0,75,3,42,18,61,56,328
480,1,6,17,0,5,4,0,49,0,26,5,20,11,144
481,11,133,83,3,16,10,0,219,8,95,29,139,116,862
482,10,8,61,3,10,10,0,199,5,89,17,114,76,602
483,2,48,16,1,7,1,0,43,2,19,10,43,33,225
484,3,2,23,3,2,5,0,57,1,25,8,35,37,201
485,0,0,2,0,2,0,0,3,1,1,0,2,1,12
486,3,0,13,0,2,3,0,62,0,30,4,30,34,181
487,1,15,21,2,2,1,0,24,2,24,1,29,28,150
488,4,53,33,1,4,6,0,118,1,46,4,44,37,351
489,1,2,12,0,1,0,0,21,0,8,3,22,10,80
490,6,0,27,4,9,4,0,102,8,48,16,67,39,330
491,16,2,94,4,2,17,0,350,2,111,27,117,109,851
492,6,158,114,4,4,6,0,526,2,138,25,152,121,1256
493,26,86,82,4,3,31,0,408,6,158,47,185,184,1220
494,14,2,108,6,15,16,0,457,9,120,39,171,110,1067
495,1,17,21,1,2,0,0,58,5,33,8,34,24,204
496,5,1,25,0,17,6,0,85,11,40,16,70,54,330
Grand Total,5672,9985,24409,1089,4659,5431,3,95029,1959,33683,9982,38171,41546,271618
