Team,Row Labels,give.take,SOGPCT,zone_movement,pass_compl,shootpct,shootpct_all,IQ,defensive,shots_to_pass,playmaker,,give.take,SOGPCT,zone_movement,pass_compl,shootpct,shootpct_all,IQ,defensive,shots_to_pass,playmaker,,,,,,,,,,,,,,,
4,5,1.518518519,0.311111111,122,7.148148148,0,0,8.931034483,2.333333333,0.07253886,11.51851852,,-0.14006347,-1.304047714,-0.067498642,1.843892281,-0.695336325,-0.826136956,-0.058092973,-0.308070855,-0.80357785,0.342953274,,,,,Mean,2.590261331,0.490809472,386.5776699,3.912168468,0.107715731,0.052625695,10.84490147,11.7115748,0.123114619,8.458394729
4,6,1.350877193,0.376344086,222,6.561403509,0.085714286,0.032258065,8.879310345,2.879310345,0.093582888,10.63157895,,-0.161972109,-0.830660471,-0.041986798,1.509559553,-0.142025718,-0.319738337,-0.059662992,-0.290135765,-0.469217775,0.243552449,,,,,Median,7.65183678,0.13780045,3919.748049,1.754972193,0.154911698,0.063700933,32.94489673,30.44183278,0.062938219,8.922859227
4,7,1.518518519,0.307692308,374,4.814814815,0.03125,0.009615385,6.707865169,2.960893855,0.082051282,9.320987654,,-0.14006347,-1.328857527,-0.003208796,0.514336552,-0.4936085,-0.675191213,-0.12557442,-0.287455785,-0.652438811,0.096672255,,,,,,,,,,,,,,,
4,8,1.416666667,0.388888889,77,3.958333333,0,0,4.846153846,3,0.073684211,7.541666667,,-0.153374242,-0.739624462,-0.078978972,0.026305183,-0.695336325,-0.826136956,-0.182084275,-0.286171167,-0.785379839,-0.102739272,,,,,,,,,,,,,,,
4,9,0.875,0.4,66,3.625,0,0,3.896551724,2.769230769,0.091954023,6.291666667,,-0.224163345,-0.658992569,-0.081785274,-0.163631349,-0.695336325,-0.826136956,-0.210908227,-0.293751828,-0.49509815,-0.242828897,,,,,,,,,,,,,,,
4,10,1.4,0.619047619,64,3.666666667,0,0,5.5,3.826086957,0.236363636,8,,-0.155552368,0.930607608,-0.082295511,-0.139889283,-0.695336325,-0.826136956,-0.162237615,-0.259034596,1.799368009,-0.051373076,,,,,,,,,,,,,,,
4,11,1.657142857,0.512195122,166,7.428571429,0,0,7.564102564,2.744186047,0.080769231,12.28571429,,-0.121946991,0.155192887,-0.056273431,2.003680157,-0.695336325,-0.826136956,-0.099584434,-0.294574536,-0.672808807,0.428934208,,,,,,,,,,,,,,,
4,12,1.75,0.404761905,266,7.458333333,0.029411765,0.011904762,9.4,5.152777778,0.094972067,12.83333333,,-0.109811716,-0.624436044,-0.030761587,2.020638776,-0.505474843,-0.639251751,-0.043858127,-0.215453421,-0.447145664,0.490306806,,,,,,,,,,,,,,,
4,13,1.705882353,0.465116279,204,6.852941176,0,0,8.702702703,3.5375,0.08583691,12.64705882,,-0.115577345,-0.186452173,-0.04657893,1.675680515,-0.695336325,-0.826136956,-0.06502369,-0.268514542,-0.592290496,0.469430705,,,,,,,,,,,,,,,
4,14,1.518518519,0.393700787,324,7,0.04,0.015748031,11.43636364,4.02020202,0.132275132,12.72222222,,-0.14006347,-0.704705139,-0.015964717,1.759476044,-0.437124709,-0.578918732,0.017953074,-0.252658006,0.145547708,0.477854395,,,,,,,,,,,,,,,
4,16,1.17,0.448979592,429,4.64,0.060606061,0.027210884,6.79245283,4.3046875,0.142241379,8.56,,-0.185610511,-0.30355402,0.010822719,0.414725392,-0.304106603,-0.398970774,-0.12300687,-0.243312791,0.303897392,0.011387075,,,,,,,,,,,,,,,
4,17,0.705263158,0.5875,239,1.610526316,0.127659574,0.075,2.958762887,2.537634409,0.307189542,3.231578947,,-0.246345842,0.701670626,-0.037649785,-1.31149779,0.128743302,0.351239833,-0.239373602,-0.301359661,2.924692294,-0.585778129,,,,,,,,,,,,,,,
4,18,0.973684211,0.571428571,126,2.947368421,0.125,0.071428571,4.666666667,3.674418605,0.142857143,5.605263158,,-0.211266545,0.585042352,-0.066478168,-0.549752327,0.111574976,0.295174272,-0.187532377,-0.26401683,0.313681011,-0.319755305,,,,,,,,,,,,,,,
4,19,1,0.25,40,2.235294118,1,0.25,2.8,3.157894737,0.026315789,4.411764706,,-0.207827398,-1.747523125,-0.088418354,-0.9554991,5.759954087,3.09845234,-0.244192645,-0.280984398,-1.537997595,-0.453512705,,,,,,,,,,,,,,,
4,20,1.365384615,0.472222222,173,4.615384615,0.147058824,0.069444444,5.767857143,3.628571429,0.141666667,7.442307692,,-0.160076169,-0.134885264,-0.054487602,0.40069931,0.253971088,0.264026738,-0.154107156,-0.265522889,0.294766014,-0.113874601,,,,,,,,,,,,,,,
4,21,0.964285714,0.533333333,54,1.964285714,0,0,2.066666667,6.545454545,0.145454545,3.607142857,,-0.212494812,0.308590147,-0.084846696,-1.109922289,-0.695336325,-0.826136956,-0.266452036,-0.169704639,0.354950094,-0.543688043,,,,,,,,,,,,,,,
4,22,0.961538462,0.5,106,2.615384615,0.071428571,0.035714286,4.724137931,5.476190476,0.205882353,5.730769231,,-0.212853844,0.066694468,-0.071580537,-0.738919886,-0.234244153,-0.265481342,-0.185787911,-0.204829465,1.315063179,-0.305689626,,,,,,,,,,,,,,,
4,23,1.272727273,0.375,109,3.090909091,0,0,4.285714286,4.060606061,0.058823529,5.96969697,,-0.172185332,-0.840414329,-0.070815182,-0.467961476,-0.695336325,-0.826136956,-0.199095697,-0.251330752,-1.021495213,-0.278912588,,,,,,,,,,,,,,,
4,24,0.904761905,0.487394958,342,4.857142857,0.189655172,0.092436975,5.935779817,5.954545455,0.11372549,7.114285714,,-0.220273834,-0.024778688,-0.011372586,0.538455477,0.528942891,0.624971691,-0.149010079,-0.189115727,-0.14918008,-0.150636582,,,,,,,,,,,,,,,
4,25,1.194444444,0.555555556,168,3,0.1,0.055555556,5.452380952,4.390243902,0.277777778,6.305555556,,-0.182415925,0.469853933,-0.055763194,-0.519762348,-0.049807284,0.045993999,-0.16368303,-0.240502303,2.457380615,-0.241272345,,,,,,,,,,,,,,,
4,26,0.78030303,0.514563107,372,3.439393939,0.188679245,0.097087379,5.440298507,4.988636364,0.116740088,5.606060606,,-0.236539063,0.172377046,-0.003719032,-0.269391464,0.522642998,0.697975392,-0.164049777,-0.22084539,-0.101282349,-0.319665933,,,,,,,,,,,,,,,
4,28,0.911111111,0.555555556,195,4.622222222,0.1,0.055555556,6.608695652,4.096153846,0.144230769,7.511111111,,-0.219444072,0.469853933,-0.048874996,0.404595444,-0.049807284,0.045993999,-0.128584583,-0.250163024,0.335506007,-0.106163685,,,,,,,,,,,,,,,
4,29,1.25,0.6,15,3,0,0,2.222222222,1.833333333,0.25,6.75,,-0.175155504,0.792381506,-0.094796315,-0.519762348,-0.695336325,-0.826136956,-0.261730347,-0.324495622,2.016030697,-0.191462701,,,,,,,,,,,,,,,
4,30,0.894308943,0.470588235,344,3.12195122,0.125,0.058823529,4.045801527,4.301075269,0.083333333,5.276422764,,-0.221639906,-0.146742896,-0.010862349,-0.450273373,0.111574976,0.09729582,-0.206377941,-0.243431451,-0.632068815,-0.356609007,,,,,,,,,,,,,,,
4,31,1.363636364,0.465116279,158,5.036363636,0.15,0.069767442,5.3,4.791666667,0.072202166,7.636363636,,-0.160304644,-0.186452173,-0.058314378,0.640577197,0.272957237,0.269097266,-0.168308358,-0.227315753,-0.808927446,-0.092126422,,,,,,,,,,,,,,,
4,32,0.511627907,0.315789474,86,2.953488372,0.833333333,0.263157895,3.84,6.117647059,0.047244094,4.604651163,,-0.271651563,-1.270097443,-0.076682906,-0.54626512,4.684072352,3.305009671,-0.212624782,-0.183757916,-1.205476189,-0.431895592,,,,,,,,,,,,,,,
4,33,0.894736842,0.465753425,248,3.570175439,0.058823529,0.02739726,4.118644068,5.411764706,0.083538084,5.49122807,,-0.221583985,-0.18182849,-0.035353719,-0.194870911,-0.31561336,-0.396044978,-0.204166899,-0.206945822,-0.628815621,-0.332535411,,,,,,,,,,,,,,,
4,34,1.108433735,0.554054054,270,2.915662651,0.243902439,0.135135135,4.224719101,6.089285714,0.169421488,5.542168675,,-0.193656456,0.458957732,-0.029741113,-0.567818579,0.879124751,1.295262663,-0.200947128,-0.184689573,0.735751181,-0.326826411,,,,,,,,,,,,,,,
4,35,0.893333333,0.45,253,3.066666667,0.166666667,0.075,4.102272727,3.304347826,0.156521739,5.56,,-0.221767407,-0.296149051,-0.034078127,-0.481775042,0.38054541,0.351239833,-0.20466383,-0.276173483,0.530792275,-0.324828024,,,,,,,,,,,,,,,
13,39,0.5,1,1,5,0,0,2,0,0.1,7,,-0.273171186,3.695129655,-0.098367973,0.619856848,-0.695336325,-0.826136956,-0.268475617,-0.384719767,-0.367258864,-0.163444776,,,,,,,,,,,,,,,
13,40,1.285714286,0.285714286,74,5.714285714,0,0,7.266666667,2.386363636,0.05,10.92857143,,-0.170488091,-1.488349183,-0.079744327,1.026863703,-0.695336325,-0.826136956,-0.108612719,-0.306328835,-1.161688717,0.276836901,,,,,,,,,,,,,,,
13,41,0.957746479,0.410958904,543,5.718309859,0.1,0.04109589,7.473684211,3.967391304,0.110837438,9.211267606,,-0.213349409,-0.579465223,0.039906221,1.0291567,-0.049807284,-0.180998989,-0.102328967,-0.254392814,-0.195067171,0.084375743,,,,,,,,,,,,,,,
13,42,1.371794872,0.488095238,351,3.615384615,0.048780488,0.023809524,5.988235294,2.524324324,0.145390071,7.820512821,,-0.159238428,-0.019696846,-0.00907652,-0.169110288,-0.38044411,-0.452366547,-0.14741786,-0.301796891,0.353925684,-0.07148851,,,,,,,,,,,,,,,
13,43,1.5625,0.4375,145,5.34375,0.142857143,0.0625,6.277777778,2.985074627,0.040935673,10,,-0.134315637,-0.38685993,-0.061630918,0.815728897,0.226848019,0.155010368,-0.13862917,-0.286661458,-1.305708164,0.172770323,,,,,,,,,,,,,,,
13,44,1.220338983,0.420454545,381,3.008474576,0.054054054,0.022727273,4.477272727,3.391812865,0.104225352,6.406779661,,-0.179031831,-0.510556584,-0.001422966,-0.514933453,-0.346401708,-0.469356111,-0.193281187,-0.273300297,-0.300123946,-0.229927988,,,,,,,,,,,,,,,
13,45,1.32,0.435483871,441,5.74,0.018518519,0.008064516,8.057142857,3.802547771,0.094076655,10.11,,-0.166007374,-0.401490717,0.01388414,1.04151595,-0.57579391,-0.699537301,-0.08461883,-0.259807847,-0.461372505,0.18509821,,,,,,,,,,,,,,,
13,46,1.186915888,0.406015038,458,4.635514019,0.074074074,0.030075188,6.72173913,3.620481928,0.108870968,8.560747664,,-0.183399814,-0.615342221,0.018221153,0.412169237,-0.217166665,-0.354005913,-0.125153294,-0.265788625,-0.226311632,0.011470867,,,,,,,,,,,,,,,
13,47,1.392156863,0.371428571,211,4.862745098,0.153846154,0.057142857,6.236363636,2.523809524,0.052419355,8.882352941,,-0.156577369,-0.866331723,-0.044793101,0.541647687,0.297785277,0.070912026,-0.139886243,-0.301813802,-1.123248563,0.047513717,,,,,,,,,,,,,,,
13,48,0.893333333,0.463414634,192,1.893333333,0.210526316,0.097560976,2.962025316,5.534883721,0.133802817,3.906666667,,-0.221767407,-0.198800789,-0.049640351,-1.150351637,0.663672183,0.705410086,-0.239274575,-0.202901419,0.169820474,-0.510119901,,,,,,,,,,,,,,,
13,49,1,0.658536585,234,2.544303797,0.222222222,0.146341463,3.729411765,3.783783784,0.134328358,4.936708861,,-0.207827398,1.217173918,-0.038925377,-0.779422418,0.739172655,1.471183607,-0.215981545,-0.260424235,0.178170588,-0.394681321,,,,,,,,,,,,,,,
13,50,0.8625,0.439393939,226,4,0.206896552,0.090909091,5.375,4.492537313,0.18125,6.075,,-0.22579694,-0.373115858,-0.040966324,0.05004725,0.640241001,0.600986424,-0.166031829,-0.237142012,0.923689648,-0.267111098,,,,,,,,,,,,,,,
13,51,0.473214286,0.615384615,220,2.401785714,0.1875,0.115384615,3.526315789,4.396226415,0.118959108,3.723214286,,-0.276671746,0.904025665,-0.042497035,-0.86063059,0.515030627,0.98521195,-0.222146263,-0.24030578,-0.066025239,-0.530679721,,,,,,,,,,,,,,,
13,52,0.981481481,0.5,164,2.648148148,0.176470588,0.088235294,3.721311475,4.3125,0.118881119,5.092592593,,-0.210247539,0.066694468,-0.056783667,-0.72025091,0.443832571,0.559012207,-0.216227419,-0.243056154,-0.067264374,-0.377211166,,,,,,,,,,,,,,,
13,53,1.666666667,0.5,21,7,0,0,4.714285714,5.4,0.047619048,14,,-0.120702348,0.066694468,-0.093265604,1.759476044,-0.695336325,-0.826136956,-0.186086962,-0.207332287,-1.19951871,0.621057122,,,,,,,,,,,,,,,
13,54,0.692307692,0.333333333,15,1,0,0,1.357142857,3.857142857,0.076923077,2.769230769,,-0.24803896,-1.142783928,-0.094796315,-1.659381544,-0.695336325,-0.826136956,-0.287988719,-0.258014424,-0.733918796,-0.637594275,,,,,,,,,,,,,,,
13,55,1.397260274,0.524590164,278,2.452054795,0.09375,0.049180328,4.636363636,4.376623377,0.17877095,5.657534247,,-0.155910416,0.2451421,-0.027700166,-0.831986785,-0.090152849,-0.054086602,-0.188452187,-0.240949731,0.884301017,-0.313897195,,,,,,,,,,,,,,,
13,56,1.42,0.4375,203,4.14,0.071428571,0.03125,5.053571429,3.823529412,0.1352657,7.62,,-0.152938617,-0.38685993,-0.046834048,0.129820593,-0.234244153,-0.335563294,-0.17578838,-0.25911861,0.193063642,-0.093960322,,,,,,,,,,,,,,,
13,57,1.396551724,0.513157895,270,4.948275862,0.153846154,0.078947368,7.229508197,4.173333333,0.135888502,8.482758621,,-0.156003015,0.162179605,-0.029741113,0.590383938,0.297785277,0.413207032,-0.109740616,-0.247627714,0.20295908,0.002730503,,,,,,,,,,,,,,,
13,58,0.875,0.5,252,2.113636364,0.125,0.0625,3.454545455,5.760869565,0.258064516,4.125,,-0.224163345,0.066694468,-0.034333245,-1.024820856,0.111574976,0.155010368,-0.224324759,-0.19547789,2.144164544,-0.485650913,,,,,,,,,,,,,,,
13,59,0.911111111,0.586956522,274,4.055555556,0.222222222,0.130434783,4.625,3.880952381,0.147945205,6.144444444,,-0.219444072,0.697726675,-0.028720639,0.081703339,0.739172655,1.221474851,-0.188797115,-0.257232292,0.394523188,-0.259328341,,,,,,,,,,,,,,,
13,60,0.643678161,0.393442623,241,4.298850575,0.125,0.049180328,4.946808511,6.55,0.064171123,6.045977011,,-0.254394236,-0.706578604,-0.037139548,0.220335176,0.111574976,-0.054086602,-0.179029032,-0.169555323,-0.936529454,-0.270363754,,,,,,,,,,,,,,,
13,61,1.5,0.416666667,61,2.214285714,0,0,4.142857143,3.136363636,0.161290323,5.857142857,,-0.14248361,-0.53804473,-0.083060867,-0.96746989,-0.695336325,-0.826136956,-0.203431942,-0.281691685,0.606558376,-0.291526719,,,,,,,,,,,,,,,
13,62,1.293478261,0.554455446,329,6.25,0.214285714,0.118811881,6.77,4.680851064,0.097391304,9.195652174,,-0.169473436,0.461870578,-0.014689125,1.332118845,0.687940192,1.039014393,-0.123688397,-0.230955994,-0.408707378,0.082625695,,,,,,,,,,,,,,,
13,63,0.75,0.537037037,266,4.604166667,0.206896552,0.111111111,5.257425743,6.020833333,0.06561086,6.572916667,,-0.240499292,0.335467445,-0.030761587,0.394307215,0.640241001,0.918124953,-0.169600645,-0.186938201,-0.913654057,-0.211308731,,,,,,,,,,,,,,,
10,69,2.842105263,0.5,108,2.736842105,0,0,10.475,2,0.153846154,7.421052632,,0.032912873,0.066694468,-0.0710703,-0.669712242,-0.695336325,-0.826136956,-0.011227884,-0.3190207,0.488280979,-0.116256692,,,,,,,,,,,,,,,
10,70,0.550561798,0.436170213,333,4.303370787,0.024390244,0.010638298,3.294736842,6.23880597,0.107049608,7.123595506,,-0.266563388,-0.396510024,-0.013668651,0.222910836,-0.537890218,-0.659133156,-0.229175544,-0.179777902,-0.255250477,-0.149593218,,,,,,,,,,,,,,,
10,71,2.837209302,0.3,123,3.325581395,0,0,10.09090909,2.049295775,0.041958042,8.069767442,,0.032273032,-1.384679607,-0.067243523,-0.334242944,-0.695336325,-0.826136956,-0.02288647,-0.317401357,-1.289464148,-0.043554121,,,,,,,,,,,,,,,
10,72,1.566666667,0.39,370,4.477777778,0.025641026,0.01,7.918367347,3.23699422,0.096774194,8.566666667,,-0.133771105,-0.731561273,-0.004229269,0.322289613,-0.529816058,-0.669153384,-0.088831182,-0.278386017,-0.418512403,0.01213422,,,,,,,,,,,,,,,
10,73,0.182608696,0.36440678,532,5.086956522,0.093023256,0.033898305,3.288,16.19444444,0.073504274,8.330434783,,-0.314650287,-0.917287955,0.037099918,0.669405508,-0.094844194,-0.293989255,-0.229380032,0.147260176,-0.788238786,-0.014340689,,,,,,,,,,,,,,,
10,74,5.941176471,0.470588235,72,4.941176471,0,0,37.11111111,1.486111111,0.095238095,13.88235294,,0.437922977,-0.146742896,-0.080254564,0.586338636,-0.695336325,-0.826136956,0.797277037,-0.33590171,-0.44291885,0.607872216,,,,,,,,,,,,,,,
10,75,1.370786517,0.387283237,415,6.269662921,0.059701493,0.023121387,7.864583333,4.256,0.120071685,10.66292135,,-0.159370207,-0.75127647,0.00725106,1.343322967,-0.309945853,-0.46316916,-0.090463727,-0.244912153,-0.048347955,0.247065045,,,,,,,,,,,,,,,
10,76,0.201754386,0.429906542,323,4.649122807,0.02173913,0.009345794,2.663865546,11.93939394,0.086792453,6.701754386,,-0.312148183,-0.44196467,-0.016219836,0.419923655,-0.555003925,-0.679423337,-0.248324831,0.007483752,-0.577108259,-0.196869669,,,,,,,,,,,,,,,
10,77,3.952380952,0.333333333,99,5.095238095,0.2,0.066666667,11.95454545,2.206185567,0.093457944,12.42857143,,0.178012111,-1.142783928,-0.073366366,0.674124429,0.595721757,0.22042019,0.033681817,-0.3122476,-0.471202957,0.444944451,,,,,,,,,,,,,,,
10,78,0.648148148,0.35,203,4.574074074,0.142857143,0.05,3.631578947,5.6875,0.056680162,7.611111111,,-0.253810064,-1.021836088,-0.046834048,0.377160167,0.226848019,-0.041219097,-0.218951135,-0.197888046,-1.055550316,-0.094956515,,,,,,,,,,,,,,,
10,79,0.172413793,0.655172414,111,3.551724138,0,0,1.838709677,22,0.184466019,5.344827586,,-0.315982634,1.192760561,-0.070304945,-0.205384639,-0.695336325,-0.826136956,-0.273371377,0.337969966,0.974787685,-0.348942762,,,,,,,,,,,,,,,
10,80,22.5,0.5,13,3,0,0,30.4,1.145454545,0.333333333,30.5,,2.601955483,0.066694468,-0.095306552,-0.519762348,-0.695336325,-0.826136956,0.593569884,-0.347092119,3.340080452,2.470240167,,,,,,,,,,,,,,,
10,81,3.021276596,0.511111111,203,2.468085106,0.130434783,0.066666667,9.14,2.449612403,0.198275862,7.468085106,,0.05632834,0.147326361,-0.046834048,-0.82285256,0.146658076,0.22042019,-0.051750093,-0.304251142,1.19420671,-0.110985683,,,,,,,,,,,,,,,
10,82,0.659090909,0.625,407,2.795454545,0.12,0.075,4.797101449,6.098591549,0.135501355,4.871212121,,-0.252379981,0.973803265,0.005210113,-0.636314311,0.079298524,0.351239833,-0.183573197,-0.18438388,0.196807862,-0.402021652,,,,,,,,,,,,,,,
10,83,0.085106383,0.52,273,4.861702128,0.25,0.13,1.693069307,92.66666667,0.113785558,6.319148936,,-0.327392627,0.211831876,-0.028975758,0.541053393,0.918486278,1.214649478,-0.277792104,2.659336987,-0.148225687,-0.239748912,,,,,,,,,,,,,,,
10,84,24.2,0.25,12,9.4,0,0,74.4,1.714285714,0.021276596,36.4,,2.824124362,-1.747523125,-0.09556167,3.127019079,-0.695336325,-0.826136956,1.929133336,-0.328406281,-1.618063314,3.131463196,,,,,,,,,,,,,,,
10,85,0,0.576576577,369,3.136363636,0.140625,0.081081081,1.460176991,155.5,0.185507246,4.627272727,,-0.338514974,0.622400758,-0.004484388,-0.442061039,0.212438889,0.446702816,-0.28486125,4.723382664,0.99133132,-0.429360355,,,,,,,,,,,,,,,
10,87,0.844444444,0.485294118,222,1.922222222,0.060606061,0.029411765,4.247524752,3.233766234,0.190751445,3.922222222,,-0.228156577,-0.040024214,-0.041986798,-1.133890471,-0.304106603,-0.364420568,-0.200254891,-0.278492055,1.074654281,-0.508376563,,,,,,,,,,,,,,,
10,88,0.325301205,0.605633803,238,3.975903614,0.11627907,0.070422535,2.428571429,8.769230769,0.13030303,5.554216867,,-0.296002148,0.833265282,-0.037904903,0.036316898,0.055278839,0.279381156,-0.255466882,-0.096654628,0.114213775,-0.325476149,,,,,,,,,,,,,,,
10,89,0.064516129,0.4,88,2.774193548,0.166666667,0.066666667,1.142857143,27.66666667,0.139534884,4.064516129,,-0.330083518,-0.658992569,-0.076172669,-0.648429032,0.38054541,0.22042019,-0.294493087,0.524117322,0.260894974,-0.492429443,,,,,,,,,,,,,,,
10,90,64.5,1,4,1.5,0,0,103,2.466666667,0.333333333,69,,8.090833671,3.695129655,-0.097602618,-1.374476745,-0.695336325,-0.826136956,2.79724958,-0.303690918,3.340080452,6.785000607,,,,,,,,,,,,,,,
10,91,0.759615385,0.638888889,293,2.019230769,0.173913043,0.111111111,4.073394495,6.296296296,0.219047619,4.038461538,,-0.239242681,1.074593131,-0.023873389,-1.078614069,0.427322877,0.918124953,-0.205540392,-0.177889372,1.524240787,-0.495349425,,,,,,,,,,,,,,,
10,92,0.194029851,0.589041096,191,4.835820896,0.093023256,0.054794521,1.306666667,34.83333333,0.132716049,6.23880597,,-0.313157683,0.712854159,-0.04989547,0.526306018,-0.094844194,0.034047,-0.289520859,0.759538977,0.152553263,-0.248753085,,,,,,,,,,,,,,,
10,93,11,0.666666667,18,3.714285714,0,0,30.125,1.130434783,0.076923077,17.28571429,,1.099048361,1.276172864,-0.094030959,-0.112755493,-0.695336325,-0.826136956,0.585222612,-0.347585511,-0.733918796,0.989292707,,,,,,,,,,,,,,,
10,94,0.75,0.574074074,242,3.28125,0.064516129,0.037037037,4.090909091,6.5,0.147619048,5.953125,,-0.240499292,0.604240422,-0.036884429,-0.359503399,-0.278865976,-0.244716319,-0.205008759,-0.1711978,0.389340997,-0.280769837,,,,,,,,,,,,,,,
10,95,0.870967742,0.625,167,1.548387097,0,0,3.179104478,2.757142857,0.208333333,3.741935484,,-0.224690311,0.973803265,-0.056018312,-1.346905313,-0.695336325,-0.826136956,-0.232685416,-0.29414891,1.354005819,-0.528581604,,,,,,,,,,,,,,,
10,96,2.104166667,0.625,164,2.4375,0.25,0.15625,10.65454545,3.514285714,0.170940171,6,,-0.063526533,0.973803265,-0.056783667,-0.840280247,0.918486278,1.626731354,-0.005778012,-0.269277121,0.759880928,-0.275516476,,,,,,,,,,,,,,,
10,97,0.720588235,0.543478261,351,3.816176471,0.14,0.076086957,3.633093525,4.575757576,0.096339114,5.779411765,,-0.244343045,0.382210571,-0.00907652,-0.054697162,0.208404333,0.368303265,-0.218905162,-0.234408266,-0.425425211,-0.300238174,,,,,,,,,,,,,,,
10,98,0.152173913,0.620689655,221,4.010869565,0.138888889,0.086206897,1.212121212,27.625,0.097560976,5.173913043,,-0.318627734,0.942523651,-0.042241917,0.056240832,0.201231788,0.527169698,-0.292390665,0.522748591,-0.406011539,-0.368097445,,,,,,,,,,,,,,,
10,99,4.75,0.470588235,26,8.5,0.25,0.117647059,10.16666667,2.043478261,0.235294118,17.5,,0.282251011,-0.146742896,-0.091990012,2.614190441,0.918486278,1.020728595,-0.020586946,-0.317592459,1.782374857,1.013308071,,,,,,,,,,,,,,,
10,100,0,0.545454545,49,3.571428571,0,0,1.714285714,0,0.12,5.714285714,,-0.338514974,0.396552212,-0.086122288,-0.194156864,-0.695336325,-0.826136956,-0.277148107,-0.384719767,-0.049486922,-0.307536961,,,,,,,,,,,,,,,
2,106,0,0.395348837,376,5,0,0,2.517241379,0,0.090666667,7.933333333,,-0.338514974,-0.692745455,-0.002698559,0.619856848,-0.695336325,-0.826136956,-0.252775419,-0.384719767,-0.515552436,-0.058844523,,,,,,,,,,,,,,,
2,107,0.90625,0.365853659,159,5.71875,0,0,5,5.685714286,0.081967213,9.5,,-0.220079359,-0.906788143,-0.05805926,1.029407496,-0.695336325,-0.826136956,-0.177414472,-0.197946706,-0.653774548,0.116734473,,,,,,,,,,,,,,,
2,109,4.333333333,0.586206897,61,4.518518519,0.058823529,0.034482759,19.2962963,1.31875,0.139344262,10.40740741,,0.227797855,0.692286742,-0.083060867,0.345504078,-0.31561336,-0.284814294,0.256531228,-0.341399444,0.257866267,0.218429164,,,,,,,,,,,,,,,
2,110,0.368421053,0.436363636,278,4.881578947,0,0,3.225,6.787234043,0.064690027,7.578947368,,-0.29036692,-0.395106374,-0.027700166,0.552379395,-0.695336325,-0.826136956,-0.231292316,-0.161762296,-0.928284798,-0.09856116,,,,,,,,,,,,,,,
2,111,0.738317757,0.456790123,352,5.420560748,0,0,3.646551724,5.01010101,0.063793103,8.392523364,,-0.242026016,-0.246874005,-0.008821401,0.859496398,-0.695336325,-0.826136956,-0.218496655,-0.220140287,-0.942535654,-0.007382316,,,,,,,,,,,,,,,
2,112,1.473684211,0.47826087,96,3.789473684,0,0,5.8,2.739130435,0.152777778,8.315789474,,-0.145922757,-0.091063583,-0.074131721,-0.069912666,-0.695336325,-0.826136956,-0.1531315,-0.29474061,0.471305982,-0.015982013,,,,,,,,,,,,,,,
2,113,1.046875,0.409836066,267,2.484375,0.12,0.049180328,6.902777778,3.048543689,0.157232704,6.03125,,-0.201701418,-0.587613516,-0.030506468,-0.813570422,0.079298524,-0.054086602,-0.119658098,-0.284576529,0.542088516,-0.272014235,,,,,,,,,,,,,,,
2,114,5.655172414,0.714285714,83,2.965517241,0,0,20.41935484,1.398989899,0.11627907,10.65517241,,0.4005458,1.62173812,-0.077448261,-0.539410955,-0.695336325,-0.826136956,0.290620227,-0.338763601,-0.108607283,0.246196609,,,,,,,,,,,,,,,
2,115,1.058823529,0.422222222,224,4.705882353,0.078947368,0.033333333,5.173913043,3.831168831,0.11875,7.661764706,,-0.200139894,-0.497728783,-0.041476561,0.45226579,-0.185708135,-0.302858383,-0.172135565,-0.258867658,-0.069347669,-0.089279681,,,,,,,,,,,,,,,
2,116,0,0.375,530,6.133333333,0.037037037,0.013888889,2.935483871,0,0.073369565,9.166666667,,-0.338514974,-0.840414329,0.036589681,1.265641059,-0.456251495,-0.608104217,-0.240080206,-0.384719767,-0.790379112,0.07937724,,,,,,,,,,,,,,,
2,117,0.633333333,0.532258065,194,2.266666667,0.333333333,0.177419355,4.257731959,4.095238095,0.161764706,3.922222222,,-0.255746176,0.300787061,-0.049130114,-0.93762272,1.456427146,1.959055447,-0.199945065,-0.250193106,0.614095661,-0.508376563,,,,,,,,,,,,,,,
2,120,0.240506329,0.55,221,3.607594937,0.090909091,0.05,1.61627907,7.379310345,0.154385965,5.139240506,,-0.307083785,0.429537987,-0.042241917,-0.173548922,-0.108491742,-0.041219097,-0.280122972,-0.142312866,0.496857819,-0.371983255,,,,,,,,,,,,,,,
2,121,0.848101266,0.636363636,279,4.848101266,0.228571429,0.145454545,5.813953488,5.25,0.091383812,7.329113924,,-0.227678676,1.056267701,-0.027445047,0.533303491,0.780158626,1.457260453,-0.15270796,-0.212259717,-0.504158003,-0.126560419,,,,,,,,,,,,,,,
2,122,5.411764706,0.666666667,47,1.941176471,0.125,0.083333333,12,1.952941176,0.242424242,9.235294118,,0.368735436,1.276172864,-0.086632525,-1.123090158,0.111574976,0.482059476,0.035061531,-0.32056656,1.895662537,0.087068435,,,,,,,,,,,,,,,
2,123,0.5,0.555555556,309,3.163793103,0.2,0.111111111,2.803278689,3.009345794,0.054495913,4.870689655,,-0.273171186,0.469853933,-0.019791494,-0.426431466,0.595721757,0.918124953,-0.244093125,-0.285864162,-1.09025497,-0.402080206,,,,,,,,,,,,,,,
2,124,0.581818182,0.577777778,267,3.581818182,0.153846154,0.088888889,4.555555556,5.392156863,0.131979695,6.6,,-0.262478567,0.631117719,-0.030506468,-0.188236764,0.297785277,0.569272572,-0.190905012,-0.20758993,0.140853631,-0.208273456,,,,,,,,,,,,,,,
2,125,0.933333333,0.543478261,249,2.566666667,0,0,3.571428571,5.169811321,0.162337662,5.45,,-0.216539903,0.382210571,-0.0350986,-0.766679841,-0.695336325,-0.826136956,-0.220776922,-0.214893877,0.623199135,-0.337155911,,,,,,,,,,,,,,,
2,126,1.191176471,0.473684211,161,1.867647059,0.444444444,0.210526316,3,3.078947368,0.070866142,4.176470588,,-0.182843009,-0.124275805,-0.057549023,-1.164987922,2.173681636,2.478780346,-0.238121902,-0.283577782,-0.830154999,-0.479882517,,,,,,,,,,,,,,,
2,127,2.136363636,0.64,167,3.090909091,0.0625,0.04,8.634615385,2.612244898,0.117647059,6.931818182,,-0.059318789,1.08265632,-0.056018312,-0.467961476,-0.291880674,-0.198202668,-0.067090393,-0.298908741,-0.086871857,-0.171086028,,,,,,,,,,,,,,,
2,128,0.234375,0.708333333,204,2.65625,0.088235294,0.0625,1.779220779,15.07142857,0.2,4.265625,,-0.307885074,1.578542463,-0.04657893,-0.715634398,-0.125751877,0.155010368,-0.275177086,0.110369628,1.221600843,-0.46989083,,,,,,,,,,,,,,,
2,129,0.680412371,0.675324675,314,3.577319588,0.25,0.168831169,4.069306931,5.428571429,0.149855908,5.690721649,,-0.249593531,1.33900291,-0.018515902,-0.190800106,0.918486278,1.824235036,-0.205664464,-0.206393729,0.424881567,-0.310177826,,,,,,,,,,,,,,,
2,130,0.076923077,0.714285714,43,1.461538462,0.1,0.071428571,1,23,0.263157895,2.307692308,,-0.328462084,1.62173812,-0.087652999,-1.396392499,-0.049807284,0.295174272,-0.298829332,0.3708195,2.225091184,-0.689319675,,,,,,,,,,,,,,,
2,131,0.505494505,0.529411765,260,3.252747253,0.111111111,0.058823529,3.436170213,6.525,0.121621622,4.912087912,,-0.272453123,0.280131832,-0.032292297,-0.375744538,0.021918165,0.09729582,-0.224882516,-0.170376562,-0.02372163,-0.397440633,,,,,,,,,,,,,,,
2,132,0,0.5,9,0,0,0,0,2.333333333,0.1,0,,-0.338514974,0.066694468,-0.096327025,-2.229191142,-0.695336325,-0.826136956,-0.329183046,-0.308070855,-0.367258864,-0.947946674,,,,,,,,,,,,,,,
2,133,0.444444444,0.542857143,154,2.541666667,0.157894737,0.085714286,2.821428571,9.294117647,0.207650273,3.930555556,,-0.280431607,0.377703198,-0.059334852,-0.780925081,0.323920056,0.519436517,-0.243542208,-0.079412339,1.343152952,-0.507442632,,,,,,,,,,,,,,,
2,134,0,0.571428571,120,2.882352941,0.1,0.057142857,1,0,0.136054422,4.019607843,,-0.338514974,0.585042352,-0.068008879,-0.586798772,-0.049807284,0.070912026,-0.298829332,-0.384719767,0.205595316,-0.497462391,,,,,,,,,,,,,,,
2,135,0,0.543478261,102,4.529411765,0.24,0.130434783,1.2,80,0.162337662,5.794117647,,-0.338514974,0.382210571,-0.072601011,0.351711155,0.853933374,1.221474851,-0.292758589,2.243242899,0.623199135,-0.298590061,,,,,,,,,,,,,,,
12,139,1.536231884,0.425,233,4.623188406,0.029411765,0.0125,11.5125,1.978723404,0.106583072,8.507246377,,-0.137748553,-0.47757081,-0.039180495,0.405145985,-0.505474843,-0.629907491,0.020264095,-0.319719626,-0.262663084,0.005474887,,,,,,,,,,,,,,,
12,140,1.014285714,0.346938776,230,4.257142857,0.176470588,0.06122449,6.453333333,1.882978723,0.05704698,7.328571429,,-0.205960433,-1.044050997,-0.039945851,0.196569718,0.443832571,0.134986953,-0.133300407,-0.322864794,-1.049722093,-0.126621218,,,,,,,,,,,,,,,
12,141,0.32,0.348314607,348,9.49,0.161290323,0.056179775,3.166666667,7.344262295,0.032665964,12.17,,-0.29669495,-1.034066768,-0.009841875,3.178301943,0.345839548,0.055793223,-0.233062949,-0.143464178,-1.437102228,0.415965911,,,,,,,,,,,,,,,
12,142,1.575757576,0.416666667,284,6.015151515,0.066666667,0.027777778,7.837837838,1.933333333,0.037783375,10.45454545,,-0.132583037,-0.53804473,-0.026169455,1.198299925,-0.264983631,-0.390071478,-0.091275552,-0.321210669,-1.355793744,0.223712005,,,,,,,,,,,,,,,
12,143,2.527777778,0.529411765,155,3.583333333,0,0,15.13953488,1.965034965,0.069767442,9.111111111,,-0.008165824,0.280131832,-0.059079733,-0.187373416,-0.695336325,-0.826136956,0.130358078,-0.320169285,-0.847611798,0.073151034,,,,,,,,,,,,,,,
12,144,0,0.416666667,351,5.255102041,0.04,0.016666667,2,0,0.048543689,7.734693878,,-0.338514974,-0.53804473,-0.00907652,0.765216439,-0.437124709,-0.564497669,-0.268475617,-0.384719767,-1.184827451,-0.081106384,,,,,,,,,,,,,,,
12,145,0.059405941,0.347826087,356,5.891089109,0.0625,0.02173913,2.314814815,36.2,0.053781513,8.178217822,,-0.330751356,-1.037611893,-0.007800927,1.127607975,-0.291880674,-0.484868321,-0.258919818,0.804433339,-1.101605787,-0.031399902,,,,,,,,,,,,,,,
12,148,0.221238938,0.4,306,3.690265487,0.0625,0.025,2.691056911,17.2,0.038369305,5.699115044,,-0.309601794,-0.658992569,-0.020556849,-0.126442449,-0.291880674,-0.433678026,-0.247499472,0.180292206,-1.346484151,-0.309237164,,,,,,,,,,,,,,,
12,149,9.272727273,0.333333333,15,4.636363636,0,0,75.53846154,1.46,0.039215686,16.54545455,,0.873315275,-1.142783928,-0.094796315,0.412653358,-0.695336325,-0.826136956,1.963689873,-0.336759448,-1.333036332,0.906330539,,,,,,,,,,,,,,,
12,150,1.818181818,0.483870968,87,3.090909091,0.066666667,0.032258065,7.382352941,2.238095238,0.147058824,6.454545455,,-0.1009012,-0.050351828,-0.076427787,-0.467961476,-0.264983631,-0.319738337,-0.105101211,-0.311199382,0.380439822,-0.224574794,,,,,,,,,,,,,,,
12,151,0.544217687,0.421052632,476,6.040816327,0.1125,0.047368421,5.50931677,5.709677419,0.09009009,8.299319728,,-0.267392484,-0.506216351,0.022813285,1.21292398,0.030883846,-0.082530563,-0.161954816,-0.197159528,-0.524713429,-0.017827806,,,,,,,,,,,,,,,
12,152,1.566666667,0.421052632,258,3.016666667,0,0,9.65625,4.666666667,0.08839779,6.916666667,,-0.133771105,-0.506216351,-0.032802534,-0.510265522,-0.695336325,-0.826136956,-0.036079988,-0.231421944,-0.551601703,-0.172784084,,,,,,,,,,,,,,,
12,153,0.303703704,0.454545455,384,4.733333333,0.257142857,0.116883117,2.827338129,9.025641026,0.054773083,6.177777778,,-0.298824673,-0.263163276,-0.000657611,0.467907622,0.964595495,1.008735962,-0.243362831,-0.088231671,-1.085851125,-0.255592618,,,,,,,,,,,,,,,
12,154,0,0.537634409,341,3.28030303,0.18,0.096774194,1.087591241,0,0.115473441,4.424242424,,-0.338514974,0.339802493,-0.011627704,-0.360042991,0.466615949,0.693058901,-0.296170612,-0.384719767,-0.121407593,-0.452114306,,,,,,,,,,,,,,,
12,155,1.738461538,0.56,155,3.4,0.25,0.14,5.666666667,3.043956044,0.126696833,6.261538462,,-0.11131965,0.502106691,-0.059079733,-0.291838509,0.918486278,1.37163305,-0.157178662,-0.284727231,0.056916352,-0.246205416,,,,,,,,,,,,,,,
12,157,0.116666667,0.693548387,278,2.6,0.069767442,0.048387097,1.398496241,29.88888889,0.137820513,3.791666667,,-0.32326809,1.471250024,-0.027700166,-0.747686187,-0.244967227,-0.066539028,-0.28673349,0.597116285,0.233656026,-0.523008146,,,,,,,,,,,,,,,
12,158,0.884057971,0.586956522,301,3.52173913,0.148148148,0.086956522,4.813953488,5.406779661,0.111111111,6.623188406,,-0.222979581,0.697726675,-0.021832441,-0.222470384,0.261002995,0.538937582,-0.183061675,-0.207109578,-0.190718896,-0.205674692,,,,,,,,,,,,,,,
12,159,3.176470588,0.555555556,50,3.058823529,0,0,17.47058824,3.264705882,0.096153846,7.588235294,,0.076610267,0.469853933,-0.085867169,-0.486244137,-0.695336325,-0.826136956,0.201114207,-0.277475702,-0.428368852,-0.097520247,,,,,,,,,,,,,,,
12,160,1.215189873,0.684210526,218,3.139240506,0.153846154,0.105263158,3.569892473,4.784615385,0.157258065,5.518987342,,-0.179704755,1.403486379,-0.043007272,-0.440421771,0.297785277,0.826321695,-0.220823548,-0.227547384,0.542491452,-0.329424382,,,,,,,,,,,,,,,
12,161,1.202531646,0.571428571,230,2.797468354,0.194444444,0.111111111,6.752941176,3.711111111,0.162895928,5.417721519,,-0.181359029,0.585042352,-0.039945851,-0.635166824,0.559859033,0.918124953,-0.124206196,-0.262811498,0.632069187,-0.340773415,,,,,,,,,,,,,,,
12,162,0.962025316,0.382978723,211,2.886075949,0.333333333,0.127659574,6.188235294,6.29787234,0.078947368,5.316455696,,-0.212790218,-0.782513767,-0.044793101,-0.584677366,1.456427146,1.177908642,-0.141347117,-0.177837599,-0.701755644,-0.352122448,,,,,,,,,,,,,,,
12,163,0.495238095,0.475,281,5.028571429,0.315789474,0.15,5.230088496,6.840909091,0.035984848,6.742857143,,-0.273793508,-0.114727291,-0.02693481,0.636137122,1.343176437,1.528616622,-0.170430432,-0.159999095,-1.384369812,-0.192263213,,,,,,,,,,,,,,,
12,164,0.97029703,0.442622951,315,3.00990099,0.222222222,0.098360656,4.970588235,3.48,0.177631579,5.396039604,,-0.211709208,-0.34968334,-0.018260783,-0.514120669,0.739172655,0.717963751,-0.178307229,-0.270403391,0.866198014,-0.343203344,,,,,,,,,,,,,,,
12,165,0.026315789,0.469879518,179,5.789473684,0.256410256,0.120481928,1,0,0.088636364,6.855263158,,-0.335075828,-0.151885965,-0.052956891,1.06970653,0.959866345,1.065231379,-0.298829332,-0.384719767,-0.547811103,-0.17966568,,,,,,,,,,,,,,,
12,166,0.020618557,0.592105263,325,3.422680412,0.133333333,0.078947368,1.371428571,0,0.135542169,4.896907216,,-0.335820385,0.735090424,-0.015709599,-0.278914992,0.165369063,0.413207032,-0.287555095,-0.384719767,0.197456333,-0.399141959,,,,,,,,,,,,,,,
9,170,0.563380282,0.451219512,253,4.887323944,0.108108108,0.048780488,3.691358025,8.083333333,0.106628242,7.197183099,,-0.264888171,-0.287299209,-0.034078127,0.555652949,0.002532909,-0.060363435,-0.217136618,-0.119186039,-0.261945396,-0.141346131,,,,,,,,,,,,,,,
9,171,0.702702703,0.375,292,4.405405405,0.055555556,0.020833333,5.105882353,4.244186047,0.055214724,7.5,,-0.246680462,-0.840414329,-0.024128507,0.281051141,-0.33670908,-0.499087848,-0.17420055,-0.245300236,-1.07883407,-0.107408926,,,,,,,,,,,,,,,
9,173,0.884297521,0.305084746,365,3.247933884,0.027777778,0.008474576,4.067669173,5.808988764,0.091603053,5.991735537,,-0.222948275,-1.347780266,-0.005504861,-0.378487241,-0.516022703,-0.69310003,-0.205714176,-0.193897197,-0.500674564,-0.276442688,,,,,,,,,,,,,,,
9,174,0.481481481,0.390243902,128,6.555555556,0.0625,0.024390244,4.964285714,7.363636364,0.09039548,10.25925926,,-0.275591327,-0.729791305,-0.065967931,1.506227334,-0.291880674,-0.443250195,-0.178498534,-0.142827749,-0.519861208,0.201825949,,,,,,,,,,,,,,,
9,175,2.093023256,0.320754717,147,6.11627907,0.117647059,0.037735849,10.59090909,2.712962963,0.064638783,10.88372093,,-0.064982839,-1.234065316,-0.061120681,1.255923376,0.064109606,-0.233746119,-0.007709612,-0.295600199,-0.929098988,0.27181043,,,,,,,,,,,,,,,
9,176,0.631578947,0.464788732,253,4.644736842,0,0,4.2375,6.148148148,0.093484419,7.447368421,,-0.255975453,-0.188829137,-0.034078127,0.417424491,-0.695336325,-0.826136956,-0.20055918,-0.182755969,-0.470782301,-0.113307437,,,,,,,,,,,,,,,
9,177,9.4,0.444444444,50,3.6,0.25,0.111111111,30,1.98245614,0.074074074,14.86666667,,0.889948239,-0.336464997,-0.085867169,-0.177876589,0.918486278,0.918124953,0.581428398,-0.319597008,-0.779185454,0.718185928,,,,,,,,,,,,,,,
9,178,0.52,0.480519481,271,8.34,0.027027027,0.012987013,5.32,10.57575758,0.088729017,12.36,,-0.270557435,-0.074673137,-0.029485995,2.523020905,-0.520869017,-0.622262187,-0.167701284,-0.037311066,-0.546338974,0.437259534,,,,,,,,,,,,,,,
9,179,2.615384615,0.333333333,124,6.051282051,0,0,10.9,2.833333333,0.033898305,11.1025641,,0.003283301,-1.142783928,-0.066988405,1.218887451,-0.695336325,-0.826136956,0.001672445,-0.291646089,-1.41752206,0.296336556,,,,,,,,,,,,,,,
9,180,0.449438202,0.487804878,418,6.224719101,0.125,0.06097561,3.571428571,17.28571429,0.072202166,9.539325843,,-0.279778985,-0.021803951,0.008016416,1.317713546,0.111574976,0.131079946,-0.220776922,0.183107881,-0.808927446,0.121141787,,,,,,,,,,,,,,,
9,181,3.2,0.333333333,82,6.933333333,0,0,15.38888889,3.810810811,0.057692308,13.8,,0.079685269,-1.142783928,-0.077703379,1.721488737,-0.695336325,-0.826136956,0.137926898,-0.25953641,-1.03946874,0.598642782,,,,,,,,,,,,,,,
9,182,0.117021277,0.666666667,291,3.968085106,0.227272727,0.151515152,1.732673267,67.75,0.058981233,5.457446809,,-0.323221747,1.276172864,-0.024383626,0.031861837,0.771775132,1.552402011,-0.276589976,1.840836115,-1.018989521,-0.336321334,,,,,,,,,,,,,,,
9,183,0.191489362,0.571428571,95,1.680851064,0.166666667,0.095238095,1.489795918,12.42857143,0.151898734,2.85106383,,-0.313489694,0.585042352,-0.07438684,-1.271426073,0.38054541,0.668944681,-0.283962206,0.023553005,0.457339212,-0.628423105,,,,,,,,,,,,,,,
9,184,1.197183099,0.474576271,203,2.901408451,0.142857143,0.06779661,4.564102564,3.821917808,0.13592233,5.38028169,,-0.182058017,-0.117802236,-0.046834048,-0.575940759,0.226848019,0.238158446,-0.190645579,-0.25917155,0.203496565,-0.34496936,,,,,,,,,,,,,,,
9,185,4.8,0.4,39,3.266666667,0,0,23.875,2.568181818,0.081632653,9.6,,0.28878539,-0.658992569,-0.088673472,-0.367813122,-0.695336325,-0.826136956,0.395511895,-0.300356192,-0.659090238,0.127941643,,,,,,,,,,,,,,,
9,186,3,0.571428571,34,2.363636364,0,0,17.25,2.2,0.153846154,7.181818182,,0.053547753,0.585042352,-0.089949064,-0.882368456,-0.695336325,-0.826136956,0.194418534,-0.312450793,0.488280979,-0.143068103,,,,,,,,,,,,,,,
9,187,0,0.6,306,2.151515152,0.072463768,0.043478261,1.245098039,59.25,0.323943662,3.414141414,,-0.338514974,0.792381506,-0.020556849,-1.003237159,-0.227561658,-0.143599687,-0.291389696,1.561615082,3.190891747,-0.565318043,,,,,,,,,,,,,,,
9,188,0.847058824,0.54,219,4.188235294,0.148148148,0.08,3.865168539,3.96,0.075842697,6.376470588,,-0.22781491,0.356969283,-0.042752153,0.157305527,0.261002995,0.429731619,-0.211860823,-0.254635615,-0.751084523,-0.233324777,,,,,,,,,,,,,,,
9,189,1.529411765,0.47826087,139,3.235294118,0.136363636,0.065217391,7.188679245,3.534482759,0.133333333,6,,-0.138639858,-0.091063583,-0.063161628,-0.385689502,0.184930549,0.197668947,-0.110979927,-0.268613657,0.162361039,-0.275516476,,,,,,,,,,,,,,,
9,191,0.164705882,0.509433962,250,2.423529412,0.111111111,0.056603774,1.864583333,16.26666667,0.131067961,4.035294118,,-0.316989962,0.135155509,-0.034843482,-0.848240822,0.021918165,0.0624493,-0.272586016,0.149632642,0.126367453,-0.495704404,,,,,,,,,,,,,,,
9,192,0.018867925,0.518072289,279,2.169811321,0.069767442,0.036144578,1.088495575,215,0.186956522,3.311320755,,-0.336049171,0.197842728,-0.027445047,-0.992811826,-0.244967227,-0.258726455,-0.296143162,6.677929896,1.014358273,-0.576841329,,,,,,,,,,,,,,,
9,193,0.945945946,0.517241379,132,2.918918919,0.066666667,0.034482759,3.829268293,4.047619048,0.138888889,5.810810811,,-0.214891592,0.191812923,-0.064947458,-0.565963126,-0.264983631,-0.284814294,-0.212950529,-0.25175737,0.250631022,-0.29671923,,,,,,,,,,,,,,,
9,194,0.764705882,0.611111111,37,2.529411765,0,0,4.684210526,9.4,0.255813953,4.411764706,,-0.238577416,0.873013399,-0.089183709,-0.787908041,-0.695336325,-0.826136956,-0.186999856,-0.075934153,2.108406261,-0.453512705,,,,,,,,,,,,,,,
9,196,0.666666667,0.55,62,4.142857143,0.181818182,0.1,3.409090909,8.555555556,0.126436782,6.428571429,,-0.251389924,0.429537987,-0.082805748,0.131448621,0.478352841,0.743698762,-0.225704473,-0.103673759,0.052784507,-0.227485747,,,,,,,,,,,,,,,
9,197,1.772727273,0.384615385,57,2.954545455,0.2,0.076923077,7.24,3.25,0.076923077,5.681818182,,-0.106841544,-0.770636729,-0.08408134,-0.545662785,0.595721757,0.381428981,-0.109422151,-0.277958783,-0.733918796,-0.311175653,,,,,,,,,,,,,,,
9,198,0.970588235,0.456521739,109,3.647058824,0.095238095,0.043478261,5.388888889,4.517241379,0.169354839,6.117647059,,-0.211671151,-0.248821635,-0.070815182,-0.15106202,-0.080546762,-0.143599687,-0.16561025,-0.236330495,0.734692223,-0.26233157,,,,,,,,,,,,,,,
9,199,3.866666667,0.375,34,2.333333333,0,0,12.53333333,2.394736842,0.085714286,7.333333333,,0.166810319,-0.840414329,-0.089949064,-0.899635414,-0.695336325,-0.826136956,0.051250179,-0.306053779,-0.594238822,-0.126087543,,,,,,,,,,,,,,,
9,200,0.418181818,0.568627451,150,2.490909091,0.172413793,0.098039216,2.465517241,8,0.211678832,4.018181818,,-0.283863806,0.564714984,-0.060355326,-0.809847234,0.41764478,0.71291767,-0.254345439,-0.1219235,1.407161101,-0.497622208,,,,,,,,,,,,,,,
9,201,0.261904762,0.5,132,2.80952381,0.0625,0.03125,1.652173913,16.14285714,0.13559322,4.357142857,,-0.304287276,0.066694468,-0.064947458,-0.62829751,-0.291880674,-0.335563294,-0.279033431,0.145565557,0.198267473,-0.459634268,,,,,,,,,,,,,,,
9,202,0.693548387,0.259259259,136,3,0.428571429,0.111111111,2.681818182,4.891891892,0.037634409,4.870967742,,-0.247876817,-1.680329881,-0.063926984,-0.519762348,2.071216709,0.918124953,-0.247779902,-0.224023401,-1.358160616,-0.40204904,,,,,,,,,,,,,,,
9,203,1.555555556,0.583333333,67,5,0.071428571,0.041666667,8.368421053,3.233333333,0.155555556,8.388888889,,-0.13522319,0.671433666,-0.081530156,0.619856848,-0.234244153,-0.17203874,-0.07517038,-0.278506275,0.515440974,-0.007789638,,,,,,,,,,,,,,,
9,204,0.181818182,0.7,21,2.090909091,0,0,1,0,0.304347826,3.454545455,,-0.314753597,1.518068543,-0.093265604,-1.037771074,-0.695336325,-0.826136956,-0.298829332,-0.384719767,2.879541407,-0.560789893,,,,,,,,,,,,,,,
9,205,0,0.542857143,93,3.931034483,0.105263158,0.057142857,1.0625,0,0.166666667,5.103448276,,-0.338514974,0.377703198,-0.074897077,0.010750036,-0.015832071,0.070912026,-0.296932224,-0.384719767,0.691980941,-0.375994551,,,,,,,,,,,,,,,
9,206,0.25,0.512820513,104,3,0.1,0.051282051,1.372093023,44.5,0.185185185,4.527777778,,-0.30584308,0.159731268,-0.072090774,-0.519762348,-0.049807284,-0.021092998,-0.287534926,1.077084466,0.98621422,-0.440510923,,,,,,,,,,,,,,,
0,213,0.26446281,0.467391304,454,5.545454545,0.093023256,0.043478261,3.212121212,7.8,0.064083458,8.256198347,,-0.303952971,-0.169942609,0.01720068,0.930662083,-0.094844194,-0.143599687,-0.231683235,-0.128493407,-0.937922335,-0.022660492,,,,,,,,,,,,,,,
0,214,1.168539326,0.366972477,369,6.213483146,0.025,0.009174312,7.70212766,3.698412698,0.072332731,10.05617978,,-0.185801402,-0.898669022,-0.004484388,1.311311191,-0.533954065,-0.68211533,-0.09539486,-0.263228635,-0.80685296,0.179066486,,,,,,,,,,,,,,,
0,216,0.124031008,0.443113772,412,4.069767442,0.013513514,0.005988024,2.335820896,24.5,0.140952381,6.248062016,,-0.322305663,-0.346121511,0.006485705,0.089801408,-0.608102671,-0.732134817,-0.258282205,0.4200938,0.283417016,-0.247715744,,,,,,,,,,,,,,,
0,217,4,0.333333333,129,6.157894737,0,0,18.45833333,1.792,0.076923077,15.10526316,,0.184235329,-1.142783928,-0.065712813,1.279636382,-0.695336325,-0.826136956,0.23109594,-0.325853403,-0.733918796,0.744925843,,,,,,,,,,,,,,,
0,218,1.208955224,0.456140351,359,8.28358209,0.019230769,0.00877193,7.293333333,3.258741259,0.093693694,12.92537313,,-0.180519547,-0.25158932,-0.007035572,2.490873438,-0.571196125,-0.688432068,-0.107803286,-0.277671637,-0.467457223,0.500621863,,,,,,,,,,,,,,,
0,219,0.555555556,0.357142857,33,6.222222222,0,0,2.923076923,15,0.089285714,9.555555556,,-0.265910765,-0.9700013,-0.090204183,1.316290801,-0.695336325,-0.826136956,-0.240456803,0.108023233,-0.537493832,0.122960679,,,,,,,,,,,,,,,
0,220,2.954545455,0.461538462,69,2.818181818,0,0,12.26923077,2.213114754,0.096774194,7.681818182,,0.047607409,-0.212415931,-0.081019919,-0.623364093,-0.695336325,-0.826136956,0.043233685,-0.31201998,-0.418512403,-0.087032254,,,,,,,,,,,,,,,
0,221,0.25,0.45,221,5.583333333,0,0,2.859375,30.5,0.134328358,8.35,,-0.30584308,-0.296149051,-0.042241917,0.95224578,-0.695336325,-0.826136956,-0.242390393,0.617191,0.178170588,-0.012147981,,,,,,,,,,,,,,,
0,222,0.881578947,0.586956522,270,4.828947368,0.111111111,0.065217391,4.209302326,5.101449275,0.073569482,8.092105263,,-0.223303559,0.697726675,-0.029741113,0.522389417,0.021918165,0.197668947,-0.201415084,-0.217139539,-0.78720271,-0.041050683,,,,,,,,,,,,,,,
0,223,4.2,0.5,23,2,0,0,8.5,2.352941176,0.1,9.4,,0.210372844,0.066694468,-0.092755367,-1.089571946,-0.695336325,-0.826136956,-0.07117647,-0.307426747,-0.367258864,0.105527303,,,,,,,,,,,,,,,
0,224,0.808510638,0.610169492,317,2.265957447,0.222222222,0.13559322,2.586538462,4.958333333,0.169014085,4.691489362,,-0.232852679,0.866180187,-0.017750546,-0.93802684,0.739172655,1.302453849,-0.250671996,-0.221840831,0.729278117,-0.422163487,,,,,,,,,,,,,,,
0,225,8.7,0,30,4.1,0,0.2,34.8,1.35106383,0,14.7,,0.798466936,-3.561740719,-0.090969538,0.10702821,-0.695336325,2.313534481,0.727126229,-0.34033795,-1.95611857,0.699507312,,,,,,,,,,,,,,,
0,226,0.951219512,0.555555556,235,2.085365854,0.233333333,0.12962963,4.057471264,2.839622642,0.175438596,4.390243902,,-0.214202402,0.469853933,-0.038670258,-1.040929663,0.810898104,1.208835272,-0.206023721,-0.291439488,0.831354599,-0.455924578,,,,,,,,,,,,,,,
0,227,5,0.285714286,56,2.933333333,0,0,22.66666667,2.016129032,0.045454545,10.26666667,,0.314922905,-1.488349183,-0.084336459,-0.557749655,-0.695336325,-0.826136956,0.358834489,-0.318490869,-1.233909613,0.20265611,,,,,,,,,,,,,,,
0,228,1.491525424,0.424242424,179,2.237288136,0.214285714,0.090909091,7.96875,3.328767123,0.106060606,5.338983051,,-0.143591132,-0.483068439,-0.052956891,-0.954362889,0.687940192,0.600986424,-0.087301881,-0.27537132,-0.270964336,-0.349597769,,,,,,,,,,,,,,,
0,229,0.325581395,0.523809524,261,3.88372093,0.03030303,0.015873016,2.365591398,10.14814815,0.098802395,5.76744186,,-0.295965531,0.239477096,-0.032037179,-0.01620968,-0.499721464,-0.576956683,-0.25737856,-0.051357836,-0.386287124,-0.301579662,,,,,,,,,,,,,,,
0,230,1,0.638297872,304,2.641791045,0.066666667,0.042553191,5.105263158,4.880597015,0.169491525,5.910447761,,-0.207827398,1.070304201,-0.021067086,-0.723873249,-0.264983631,-0.158121756,-0.174219344,-0.224394432,0.736863983,-0.285552747,,,,,,,,,,,,,,,
0,231,0.284090909,0.458333333,242,3.886363636,0.227272727,0.104166667,2.340659341,6.066666667,0.064327485,5.477272727,,-0.301387822,-0.235675131,-0.036884429,-0.014703841,0.771775132,0.809108584,-0.25813534,-0.185432598,-0.934045075,-0.33409941,,,,,,,,,,,,,,,
0,232,0.886363636,0.467153285,362,4.022727273,0.203125,0.094890511,4.569892473,3.911111111,0.18079096,6.636363636,,-0.222678259,-0.171669887,-0.006270217,0.062997468,0.61589454,0.663488178,-0.190469834,-0.256241592,0.916396154,-0.204198121,,,,,,,,,,,,,,,
0,233,2.081081081,0.454545455,108,2.675675676,0.2,0.090909091,8.076923077,2.135802469,0.050505051,6.108108108,,-0.066543533,-0.263163276,-0.0710703,-0.704565461,0.595721757,0.600986424,-0.084018427,-0.314559652,-1.153664173,-0.263400616,,,,,,,,,,,,,,,
0,234,0.158536585,0.46875,278,2.792682927,0,0,2.6,19.23076923,0.065502183,4.646341463,,-0.317796212,-0.160082731,-0.027700166,-0.637893606,-0.695336325,-0.826136956,-0.250263388,0.247002028,-0.915380771,-0.427223289,,,,,,,,,,,,,,,
0,235,1.529411765,0.681818182,84,6.647058824,0.066666667,0.045454545,5.545454545,5.55,0.132743363,10.52941176,,-0.138639858,1.386125445,-0.077193143,1.558366774,-0.264983631,-0.112575266,-0.160857901,-0.202404857,0.152987235,0.232102399,,,,,,,,,,,,,,,
0,236,1.256410256,0.547945205,281,2.833333333,0.125,0.068493151,6.283950617,3.5,0.180995475,5.782051282,,-0.174317764,0.414626609,-0.02693481,-0.614730615,0.111574976,0.249092988,-0.138441801,-0.2697464,0.919645605,-0.299942359,,,,,,,,,,,,,,,
0,237,0,0.536585366,265,3.902439024,0.136363636,0.073170732,1.511904762,241,0.06875,5.414634146,,-0.338514974,0.332189726,-0.031016705,-0.005543931,0.184930549,0.322523326,-0.28329112,7.532017762,-0.863777522,-0.341119422,,,,,,,,,,,,,,,
0,238,0,0.391304348,70,2.818181818,0.222222222,0.086956522,1.434782609,62,0.14516129,4.363636364,,-0.338514974,-0.72209579,-0.080764801,-0.623364093,0.739172655,0.538937582,-0.285632064,1.651951299,0.350290681,-0.45890653,,,,,,,,,,,,,,,
0,239,0.020833333,0.541666667,111,1.583333333,0.076923077,0.041666667,1,55.5,0.171052632,2.666666667,,-0.335792316,0.369064067,-0.070304945,-1.326992612,-0.198775524,-0.17203874,-0.298829332,1.438429332,0.76166777,-0.649088808,,,,,,,,,,,,,,,
0,240,0.245098039,0.648351648,315,3.5,0.118644068,0.076923077,2.542056075,8.861111111,0.165266106,5.166666667,,-0.306483706,1.14326315,-0.018260783,-0.234857549,0.070545588,0.381428981,-0.252022201,-0.093636402,0.669728004,-0.368909559,,,,,,,,,,,,,,,
8,244,1.708333333,0.424242424,96,5.291666667,0,0,8.592592593,3,0.11023622,10,,-0.115257032,-0.483068439,-0.074131721,0.786051314,-0.695336325,-0.826136956,-0.068365941,-0.286171167,-0.204619681,0.172770323,,,,,,,,,,,,,,,
8,245,1.625,0.277777778,198,4.125,0.2,0.055555556,7.956521739,2.057142857,0.060606061,8.8,,-0.126147663,-1.545943393,-0.048109641,0.12127345,0.595721757,0.045993999,-0.087673055,-0.317143584,-0.993173294,0.038284283,,,,,,,,,,,,,,,
8,246,3.459459459,0.463768116,134,6.351351351,0.125,0.057971014,19.35897436,2.167883212,0.136170213,12.10810811,,0.113593396,-0.196235618,-0.064437221,1.389869818,0.111574976,0.083912736,0.25843374,-0.313505815,0.207435073,0.409029582,,,,,,,,,,,,,,,
8,247,1.180327869,0.359223301,259,6.754098361,0.054054054,0.019417476,8.486486486,3.007936508,0.089805825,10.86885246,,-0.184260786,-0.954903788,-0.032547416,1.61935893,-0.346401708,-0.521314486,-0.071586656,-0.285910456,-0.529229999,0.270144095,,,,,,,,,,,,,,,
8,248,3.40625,0.357142857,172,4.53125,0,0,10.52941176,2.014184397,0.137931034,11.09375,,0.106639581,-0.9700013,-0.05474272,0.352758599,-0.695336325,-0.826136956,-0.009576285,-0.318554749,0.23541206,0.295348745,,,,,,,,,,,,,,,
8,249,1,0.409090909,150,6.333333333,0.074074074,0.03030303,5.833333333,4.171875,0.083591331,9.215686275,,-0.207827398,-0.59302102,-0.060355326,1.379602978,-0.217166665,-0.350429162,-0.15211971,-0.24767562,-0.627969589,0.084870951,,,,,,,,,,,,,,,
8,250,0.096385542,0.356321839,526,8.506024096,0.161290323,0.057471264,4.5,256.5,0.087818697,12.90361446,,-0.325918581,-0.975959321,0.035569207,2.617623029,0.345839548,0.07606748,-0.19259133,8.041185528,-0.560802681,0.498183331,,,,,,,,,,,,,,,
8,251,0.697674419,0.390243902,317,5.674418605,0,0,5.161290323,8.24,0.06557377,8.88372093,,-0.247337596,-0.729791305,-0.017750546,1.004147042,-0.695336325,-0.826136956,-0.172518712,-0.114039612,-0.914243353,0.04766703,,,,,,,,,,,,,,,
8,252,0.929411765,0.324675325,295,3.4,0.04,0.012987013,5.939393939,5.560606061,0.08650519,6.341176471,,-0.217052404,-1.205613974,-0.023363152,-0.291838509,-0.437124709,-0.622262187,-0.148900377,-0.202056453,-0.581672457,-0.237280249,,,,,,,,,,,,,,,
8,253,1.576923077,0.340909091,188,5.211538462,0,0,6.953846154,4.430769231,0.055350554,9.115384615,,-0.13243072,-1.087807637,-0.050660825,0.740393494,-0.695336325,-0.826136956,-0.118107983,-0.239171065,-1.076675928,0.073629973,,,,,,,,,,,,,,,
8,254,6.75,0.307692308,29,2.25,0,0,20.88888889,1.491525424,0.222222222,11,,0.543626163,-1.328857527,-0.091224657,-0.947119547,-0.695336325,-0.826136956,0.30487233,-0.335723852,1.574680778,0.284842023,,,,,,,,,,,,,,,
8,255,0.641025641,0.423076923,215,3.423076923,0.181818182,0.076923077,3.048192771,7.84375,0.082397004,5.41025641,,-0.254740887,-0.49152633,-0.043772627,-0.278689057,0.478352841,0.381428981,-0.236659072,-0.12705624,-0.646945778,-0.341610042,,,,,,,,,,,,,,,
8,256,0.608247423,0.430107527,245,4.371134021,0.125,0.053763441,3.427272727,4.133333333,0.094339623,6.144329897,,-0.259024593,-0.440506149,-0.036119074,0.261522977,0.111574976,0.017860742,-0.225152587,-0.248941696,-0.457194319,-0.259341179,,,,,,,,,,,,,,,
8,257,1.695652174,0.492307692,264,3.826086957,0.09375,0.046153846,5.793814433,4.27,0.090909091,6.97826087,,-0.116914302,0.010872388,-0.031271824,-0.049050072,-0.090152849,-0.101597393,-0.153319255,-0.244452259,-0.511700655,-0.165881117,,,,,,,,,,,,,,,
8,258,1.5,0.456521739,157,3.203703704,0.047619048,0.02173913,9.636363636,2.686046512,0.121387283,6.018518519,,-0.14248361,-0.248821635,-0.058569497,-0.403690023,-0.387941544,-0.484868321,-0.036683613,-0.296484392,-0.027444938,-0.273441074,,,,,,,,,,,,,,,
8,259,1,0.6,166,2.953488372,0.208333333,0.125,4.04,5.705882353,0.188976378,5.837209302,,-0.207827398,0.792381506,-0.056273431,-0.54626512,0.649515844,1.136157692,-0.206554039,-0.197284194,1.046450954,-0.293760706,,,,,,,,,,,,,,,
8,260,0.412698413,0.494117647,260,3.888888889,0.119047619,0.058823529,3.411764706,8.407407407,0.171428571,6,,-0.284580419,0.024006995,-0.032292297,-0.013264928,0.073150629,0.09729582,-0.225623314,-0.108540357,0.767640927,-0.275516476,,,,,,,,,,,,,,,
8,261,0.019736842,0.495238095,350,3.210526316,0.173076923,0.085714286,0.93125,57,0.106557377,4.171052632,,-0.335935614,0.032137943,-0.009331638,-0.399802433,0.421925477,0.519436517,-0.300916149,1.487703632,-0.263071342,-0.480489716,,,,,,,,,,,,,,,
8,262,0.111111111,0.50877193,346,2.857142857,0.155172414,0.078947368,1.729323308,16,0.161111111,4.126984127,,-0.323994133,0.130351226,-0.010352112,-0.601163719,0.30634667,0.413207032,-0.27669166,0.140872766,0.603710957,-0.485428548,,,,,,,,,,,,,,,
8,263,0.054054054,0.681818182,147,2.486486486,0.1,0.068181818,1.902439024,12.1,0.326086957,4.135135135,,-0.331450781,1.386125445,-0.061120681,-0.812367277,-0.049807284,0.244205579,-0.271436955,0.012759587,3.224945691,-0.484515051,,,,,,,,,,,,,,,
8,264,0.032258065,0.608695652,124,3.677419355,0.071428571,0.043478261,1.857142857,35.66666667,0.122807018,5.483870968,,-0.334299246,0.855484726,-0.066988405,-0.133762298,-0.234244153,-0.143599687,-0.272811862,0.786913588,-0.004887352,-0.333359934,,,,,,,,,,,,,,,
8,265,51,0.25,12,6,0,0,145,1.466666667,0.166666667,69,,6.326551397,-1.747523125,-0.09556167,1.189666446,-0.695336325,-0.826136956,4.072105602,-0.336540451,0.691980941,6.785000607,,,,,,,,,,,,,,,
8,266,0.0625,0.375,97,2.375,0.166666667,0.0625,0.913043478,87,0.078947368,3.71875,,-0.330347001,-0.840414329,-0.073876603,-0.875893347,0.38054541,0.155010368,-0.301468785,2.473189632,-0.701755644,-0.531180041,,,,,,,,,,,,,,,
8,267,25.33333333,0.75,20,5.666666667,0,0,141.6666667,1.292134831,0.176470588,36.33333333,,2.972236949,1.880912062,-0.093520723,0.999729913,-0.695336325,-0.826136956,3.970926553,-0.34227374,0.8477515,3.123991749,,,,,,,,,,,,,,,
8,268,91,0.5,2,10,1,0.5,538,1.428571429,0.1,110,,11.55405443,0.066694468,-0.098112854,3.468904838,5.759954087,7.023041635,16.00111553,-0.337791862,-0.367258864,11.3799403,,,,,,,,,,,,,,,
8,269,0.753424658,0.402298851,185,3.479452055,0.171428571,0.068965517,5.243589744,3.793103448,0.137795276,5.410958904,,-0.240051732,-0.642310109,-0.05142618,-0.246565966,0.411284888,0.256508367,-0.170020619,-0.260118088,0.233255041,-0.341531313,,,,,,,,,,,,,,,
8,271,0,0.461538462,341,3.341880342,0.066666667,0.030769231,1.378151261,308,0.076726343,4.769230769,,-0.338514974,-0.212415931,-0.011627704,-0.324955648,-0.264983631,-0.343110581,-0.287351036,9.732936494,-0.737044627,-0.413450875,,,,,,,,,,,,,,,
8,272,0,0.434782609,363,3.984126984,0.133333333,0.057971014,1.281481481,0,0.059760956,5.333333333,,-0.338514974,-0.406579687,-0.006015098,0.041002653,0.165369063,0.083912736,-0.290285323,-0.384719767,-1.006600817,-0.350230942,,,,,,,,,,,,,,,
8,273,0,0.569444444,275,3.230769231,0.170731707,0.097222222,1.308510638,0,0.139455782,4.593406593,,-0.338514974,0.5706438,-0.028465521,-0.388267826,0.406786428,0.700092215,-0.289464888,-0.384719767,0.259638164,-0.43315579,,,,,,,,,,,,,,,
3,278,2.166666667,0.5,89,13.16666667,0,0,12.83333333,5.4,0.126582278,20.66666667,,-0.05535856,0.066694468,-0.07591755,5.273301898,-0.695336325,-0.826136956,0.060356294,-0.207332287,0.055096248,1.368201787,,,,,,,,,,,,,,,
3,279,1.728571429,0.411764706,249,5.328571429,0,0,6.974025974,3.5234375,0.056300268,9.585714286,,-0.112612165,-0.573617624,-0.0350986,0.807080001,-0.695336325,-0.826136956,-0.117495451,-0.268976489,-1.061586296,0.126340619,,,,,,,,,,,,,,,
3,280,1.569230769,0.428571429,231,6.046153846,0.095238095,0.040816327,8.684210526,2.885714286,0.053435115,9.953846154,,-0.133436009,-0.451653416,-0.039690732,1.21596535,-0.080546762,-0.185387683,-0.065584997,-0.289925399,-1.107109567,0.167597783,,,,,,,,,,,,,,,
3,281,0.7,0.448275862,151,4.116666667,0,0,3.463768116,3.746031746,0.052631579,6.266666667,,-0.247033671,-0.308660896,-0.060100207,0.116525036,-0.695336325,-0.826136956,-0.224044817,-0.261664372,-1.119876619,-0.245630689,,,,,,,,,,,,,,,
3,282,6.894736842,0.333333333,65,5.947368421,0.333333333,0.111111111,33.36842105,1.410714286,0.053097345,15.31578947,,0.56254147,-1.142783928,-0.082040393,1.159676467,1.456427146,0.918124953,0.68367249,-0.338378461,-1.112476248,0.768519885,,,,,,,,,,,,,,,
3,283,0.885714286,0.37037037,296,3.819047619,0,0,4.745762712,2.690909091,0.049875312,6.447619048,,-0.222763121,-0.874010951,-0.023108034,-0.053061154,-0.695336325,-0.826136956,-0.185131518,-0.296324659,-1.163669839,-0.225351048,,,,,,,,,,,,,,,
3,284,0.744680851,0.442477876,315,5.64893617,0.06,0.026548673,5.317757009,9.711111111,0.094161959,8.627659574,,-0.241194439,-0.350736129,-0.018260783,0.989626906,-0.3080189,-0.409366411,-0.167769367,-0.065714299,-0.460017152,0.018969799,,,,,,,,,,,,,,,
3,285,0.9,0.266666667,115,3.26,0,0,4.722222222,6.206896552,0.049079755,5.72,,-0.220896156,-1.626575286,-0.069284471,-0.371611853,-0.695336325,-0.826136956,-0.18584606,-0.180826111,-1.176310125,-0.306896552,,,,,,,,,,,,,,,
3,286,0.897959184,0.422680412,481,6.551020408,0.048780488,0.020618557,5.298076923,9.725806452,0.063862928,10.68367347,,-0.221162865,-0.494403757,0.024088877,1.503643163,-0.38044411,-0.502459488,-0.16836673,-0.065231564,-0.941426234,0.249390771,,,,,,,,,,,,,,,
3,287,0.166666667,0.346666667,320,5.369047619,0,0,3.188888889,43.88888889,0.057649667,8.214285714,,-0.316733712,-1.046025656,-0.016985191,0.830143723,-0.695336325,-0.826136956,-0.232388423,1.057009751,-1.040146234,-0.027357712,,,,,,,,,,,,,,,
3,289,0.775510204,0.472222222,232,3.448979592,0.147058824,0.069444444,4.814814815,4.879310345,0.100591716,5.163265306,,-0.237165426,-0.134885264,-0.039435614,-0.263929467,0.253971088,0.264026738,-0.183035531,-0.224436699,-0.357857327,-0.369290755,,,,,,,,,,,,,,,
3,290,0.840909091,0.448275862,92,4.340909091,0.153846154,0.068965517,3.318181818,6.086956522,0.068062827,6.204545455,,-0.228618604,-0.308660896,-0.075152195,0.244300522,0.297785277,0.256508367,-0.228463902,-0.184766086,-0.874695733,-0.252592719,,,,,,,,,,,,,,,
3,291,0.280898876,0.603174603,259,2.202247191,0.210526316,0.126984127,2.326315789,12.2,0.193877551,3.887640449,,-0.301804981,0.815419189,-0.032547416,-0.974329556,0.663672183,1.167305226,-0.25857072,0.01604454,1.124323718,-0.512252201,,,,,,,,,,,,,,,
3,292,0.2,0.470588235,55,2.6,0,0,1.416666667,14,0.153846154,3.75,,-0.312377459,-0.146742896,-0.084591577,-0.747686187,-0.695336325,-0.826136956,-0.28618195,0.0751737,0.488280979,-0.5276778,,,,,,,,,,,,,,,
3,293,0.427480916,0.405063291,292,3.122137405,0.21875,0.088607595,2.214285714,11.36666667,0.078239609,4.610687023,,-0.28264853,-0.622248922,-0.024128507,-0.450167283,0.716758452,0.564856719,-0.261971249,-0.011330071,-0.713000951,-0.431219143,,,,,,,,,,,,,,,
3,294,1.871794872,0.461538462,94,2.307692308,0.166666667,0.076923077,6.214285714,2.108108108,0.133333333,5.358974359,,-0.09389464,-0.212415931,-0.074641958,-0.914245916,0.38054541,0.381428981,-0.14055639,-0.315469399,0.162361039,-0.347357309,,,,,,,,,,,,,,,
3,295,2.735294118,0.461538462,75,2.411764706,0.083333333,0.038461538,5.971428571,2.154761905,0.146341463,6.235294118,,0.018953983,-0.212415931,-0.079489208,-0.854944465,-0.157395458,-0.222353987,-0.147928007,-0.313936844,0.369041976,-0.249146664,,,,,,,,,,,,,,,
3,296,23.66666667,0.833333333,19,4,0,0,84.75,1.811320755,0.416666667,32,,2.754424322,2.485651259,-0.093775841,0.05004725,-0.695336325,-0.826136956,2.243294284,-0.325218725,4.664130208,2.638347717,,,,,,,,,,,,,,,
3,297,1.134328358,0.545454545,160,2.23880597,0.111111111,0.060606061,8.623188406,3.4,0.12,4.746268657,,-0.190272351,0.396552212,-0.057804141,-0.953498012,0.021918165,0.125278631,-0.067437245,-0.273031353,-0.049486922,-0.416024278,,,,,,,,,,,,,,,
3,298,1.3,0.541666667,241,2.225,0.153846154,0.083333333,4.072289157,3.325842697,0.146067416,4.7875,,-0.168621126,0.369064067,-0.037139548,-0.961364787,0.297785277,0.482059476,-0.205573943,-0.275467386,0.364687743,-0.411403412,,,,,,,,,,,,,,,
3,299,1.261538462,0.56097561,220,2.584615385,0.173913043,0.097560976,6.956521739,3.706521739,0.136904762,5.892307692,,-0.173647571,0.509186564,-0.042497035,-0.756452489,0.427322877,0.705410086,-0.118026769,-0.262962257,0.219106028,-0.287585736,,,,,,,,,,,,,,,
3,300,0.06185567,0.526315789,248,3.237113402,0.225,0.118421053,1.104761905,39.66666667,0.127388535,4.371134021,,-0.330431207,0.257664741,-0.035353719,-0.384652856,0.757104018,1.032879026,-0.295649419,0.918311722,0.067906534,-0.458066255,,,,,,,,,,,,,,,
3,301,0.397959184,0.467741935,303,4.979591837,0.103448276,0.048387097,2.697247706,11.39285714,0.118852459,6.653061224,,-0.286506653,-0.167398125,-0.021322205,0.60822808,-0.027547662,-0.066539028,-0.247311559,-0.010469726,-0.067719739,-0.202326794,,,,,,,,,,,,,,,
3,302,0.64,0.631578947,306,1.728,0.166666667,0.105263158,2.961538462,6.571428571,0.166666667,3.44,,-0.254874926,1.021545833,-0.020556849,-1.244560157,0.38054541,0.826321695,-0.239289353,-0.168851405,0.691980941,-0.562420027,,,,,,,,,,,,,,,
3,303,0.065934066,0.528571429,310,3.252747253,0.189189189,0.1,1.515151515,23.72727273,0.125,4.725274725,,-0.329898211,0.274033622,-0.019536376,-0.375744538,0.525934834,0.743698762,-0.283192569,0.394710069,0.029956063,-0.418377104,,,,,,,,,,,,,,,
3,304,6.25,0.5,16,2.5,0,0,23.83333333,2.25,0.2,10.5,,0.478282375,0.066694468,-0.094541196,-0.804667147,-0.695336325,-0.826136956,0.394247157,-0.310808317,1.221600843,0.228806173,,,,,,,,,,,,,,,
3,305,0.033333333,0.617647059,120,2.716666667,0.047619048,0.029411765,0.671875,0,0.128834356,3.466666667,,-0.334158722,0.920443924,-0.068008879,-0.681208401,-0.387941544,-0.364420568,-0.308789144,-0.384719767,0.090878598,-0.559431448,,,,,,,,,,,,,,,
3,306,0,0.595238095,251,2.097826087,0.06,0.035714286,1.019230769,0,0.259067358,3.260869565,,-0.338514974,0.75782498,-0.034588363,-1.033829703,-0.3080189,-0.265481342,-0.298245606,-0.384719767,2.160098287,-0.582495479,,,,,,,,,,,,,,,
3,307,0.222222222,0.4,12,1.666666667,0,0,0.272727273,15,0.133333333,2.666666667,,-0.309473291,-0.658992569,-0.09556167,-1.279508479,-0.695336325,-0.826136956,-0.320904761,0.108023233,0.162361039,-0.649088808,,,,,,,,,,,,,,,
3,308,1.761904762,0.581395349,123,2.30952381,0.08,0.046511628,8.28,1.733944954,0.257731959,5.476190476,,-0.108255912,0.657369964,-0.067243523,-0.913202309,-0.178913092,-0.095980808,-0.077854288,-0.327760484,2.138880674,-0.334220699,,,,,,,,,,,,,,,
5,310,48,1,0,4,0,0,144,1.242424242,0.25,53,,5.934488669,3.695129655,-0.098623091,0.05004725,-0.695336325,-0.826136956,4.041751887,-0.34390671,2.016030697,4.991853411,,,,,,,,,,,,,,,
5,311,49,1,2,12,0,0,225.5,1.284482759,0.041666667,62.5,,6.065176245,3.695129655,-0.098112854,4.608524034,-0.695336325,-0.826136956,6.515579645,-0.342525107,-1.294093693,6.056534559,,,,,,,,,,,,,,,
5,313,1.03125,0.403508772,307,5.484375,0.086956522,0.035087719,7.214285714,4.909090909,0.065527066,9.84375,,-0.203743412,-0.633529866,-0.020301731,0.895858372,-0.134006724,-0.275317405,-0.110202675,-0.223458421,-0.914985429,0.15525912,,,,,,,,,,,,,,,
5,314,2.096774194,0.403225806,319,6.741935484,0.04,0.016129032,10.16923077,2.425120773,0.059808612,12.40322581,,-0.064492638,-0.63558331,-0.01724031,1.612428406,-0.437124709,-0.572937646,-0.020509116,-0.305055681,-1.005843626,0.442103924,,,,,,,,,,,,,,,
5,315,1.891304348,0.294117647,162,3.282608696,0,0,7.755102041,2.062992126,0.066225166,7.152173913,,-0.091344994,-1.427367079,-0.057293904,-0.358729201,-0.695336325,-0.826136956,-0.093786891,-0.316951438,-0.903893599,-0.146390387,,,,,,,,,,,,,,,
5,316,0.659574468,0.339622642,356,5.79787234,0.055555556,0.018867925,4.091836735,6.441558442,0.033027523,9.159574468,,-0.252316786,-1.097143233,-0.007800927,1.074492165,-0.33670908,-0.529941537,-0.204980601,-0.173117578,-1.431357566,0.078582405,,,,,,,,,,,,,,,
5,317,0.161290323,0.369565217,198,5.822580645,0.058823529,0.02173913,2.703125,14.10526316,0.047091413,8.193548387,,-0.317436333,-0.879853842,-0.048109641,1.088571195,-0.31561336,-0.484868321,-0.247133161,0.078631545,-1.207902088,-0.02968178,,,,,,,,,,,,,,,
5,318,0.743801653,0.352272727,432,3.983471074,0.032258065,0.011363636,4.701612903,4.836065574,0.064315353,7.074380165,,-0.241309339,-1.005343201,0.011588074,0.040628909,-0.487101151,-0.647746533,-0.186471629,-0.225857269,-0.934237846,-0.155108865,,,,,,,,,,,,,,,
5,319,0.582089552,0.389830508,272,3.985074627,0,0,6.391304348,6.3,0.086142322,7.313432836,,-0.262443102,-0.732791251,-0.029230876,0.041542629,-0.695336325,-0.826136956,-0.135183217,-0.177767707,-0.587437924,-0.128317825,,,,,,,,,,,,,,,
5,320,1.461538462,0.333333333,152,3.192307692,0,0,7.476190476,3.32,0.042168675,6.75,,-0.147510056,-1.142783928,-0.059845089,-0.410183579,-0.695336325,-0.826136956,-0.102252893,-0.275659316,-1.286117489,-0.191462701,,,,,,,,,,,,,,,
5,321,7.571428571,0.375,48,4.142857143,0,0,29,1.927272727,0.103448276,16.85714286,,0.650976672,-0.840414329,-0.086377406,0.131448621,-0.695336325,-0.826136956,0.551074683,-0.321409757,-0.312470598,0.941261978,,,,,,,,,,,,,,,
5,322,0.103092784,0.333333333,270,3.278350515,0.058823529,0.019607843,2.028571429,82.5,0.053459119,5.340206186,,-0.325042028,-1.142783928,-0.029741113,-0.361155553,-0.31561336,-0.51832603,-0.267608368,2.325366732,-1.106728161,-0.34946069,,,,,,,,,,,,,,,
5,324,0.048780488,0.470588235,178,2.658536585,0.15625,0.073529412,1.192771084,49.33333333,0.146788991,3.658536585,,-0.332139971,-0.146742896,-0.053212009,-0.714331479,0.313302802,0.328154014,-0.292978013,1.23585721,0.376152559,-0.537928261,,,,,,,,,,,,,,,
5,325,0.06,0.507936508,275,3.56,0.09375,0.047619048,1.396226415,16.66666667,0.08988764,4.83,,-0.33067372,0.124288677,-0.028465521,-0.200668973,-0.090152849,-0.078596137,-0.286802388,0.162772455,-0.52793007,-0.406640365,,,,,,,,,,,,,,,
5,326,2.06557377,0.558823529,187,2.672131148,0.105263158,0.058823529,4.857142857,3.505494505,0.116564417,6.196721311,,-0.068570145,0.493569196,-0.050915943,-0.706585167,-0.015832071,0.09729582,-0.181750717,-0.269565908,-0.104073513,-0.253469584,,,,,,,,,,,,,,,
5,327,7.125,0.333333333,35,1.25,1,0.333333333,20.11111111,1.082352941,0.1,10.25,,0.592634004,-1.142783928,-0.089693946,-1.516929145,5.759954087,4.406648771,0.281263885,-0.349164978,-0.367258864,0.200788248,,,,,,,,,,,,,,,
5,328,21.33333333,0.75,13,6,0.333333333,0.25,60,1.901960784,0.166666667,30.66666667,,2.449486645,1.880912062,-0.095306552,1.189666446,1.456427146,3.09845234,1.492039843,-0.322241242,0.691980941,2.488918784,,,,,,,,,,,,,,,
5,329,5.222222222,0.833333333,31,1.555555556,0,0,18.25,1.639175258,0.178571429,7.555555556,,0.343964589,2.485651259,-0.09071442,-1.342820656,-0.695336325,-0.826136956,0.224772249,-0.330873624,0.881130906,-0.101182721,,,,,,,,,,,,,,,
5,330,0.881578947,0.47761194,256,4.276315789,0.09375,0.044776119,3.682926829,3.925,0.098461538,6.684210526,,-0.223303559,-0.095772779,-0.033312771,0.207494639,-0.090152849,-0.12322544,-0.217392536,-0.255785348,-0.391702859,-0.198835839,,,,,,,,,,,,,,,
5,331,0.942857143,0.519230769,204,2.485714286,0.185185185,0.096153846,4.552631579,6.108695652,0.155172414,4.814285714,,-0.21529526,0.206249668,-0.04657893,-0.812807284,0.500087825,0.683320466,-0.190993766,-0.184051965,0.509353388,-0.408401491,,,,,,,,,,,,,,,
5,332,0.040540541,0.578125,236,2.216216216,0.054054054,0.03125,1.261904762,51.25,0.225609756,3.540540541,,-0.333216829,0.633637466,-0.03841514,-0.966369871,-0.346401708,-0.335563294,-0.290879549,1.298818816,1.628503939,-0.551152278,,,,,,,,,,,,,,,
5,333,0.666666667,0.49122807,282,2.973684211,0.178571429,0.087719298,2.299145299,5.716666667,0.08259587,4.701754386,,-0.251389924,0.00303771,-0.026679692,-0.534757338,0.457394106,0.55091192,-0.259395446,-0.196929934,-0.643786069,-0.421013068,,,,,,,,,,,,,,,
5,335,1.193548387,0.535714286,217,1.919354839,0.166666667,0.089285714,5.154929577,4.655737705,0.25210084,4.870967742,,-0.182533029,0.32586841,-0.04326239,-1.135524333,0.38054541,0.575502078,-0.172711784,-0.231780956,2.049410102,-0.40204904,,,,,,,,,,,,,,,
5,336,0.855072464,0.483333333,192,3.594202899,0.206896552,0.1,3.64,8.133333333,0.116935484,6,,-0.226767627,-0.054253371,-0.049640351,-0.181179833,0.640241001,0.743698762,-0.218695524,-0.117543562,-0.098177784,-0.275516476,,,,,,,,,,,,,,,
5,337,1.666666667,1,15,2,0,0,2.571428571,6.5,0.25,5.166666667,,-0.120702348,3.695129655,-0.094796315,-1.089571946,-0.695336325,-0.826136956,-0.251130637,-0.1711978,2.016030697,-0.368909559,,,,,,,,,,,,,,,
5,338,0.147540984,0.581395349,194,2.672131148,0.08,0.046511628,1.904761905,21.11111111,0.153374233,4.180327869,,-0.319233201,0.657369964,-0.049130114,-0.706585167,-0.178913092,-0.095980808,-0.271366447,0.308770381,0.48078282,-0.479450225,,,,,,,,,,,,,,,
5,339,0.966292135,0.4,235,2.573033708,0.227272727,0.090909091,4.669902913,4.352941176,0.096069869,4.741573034,,-0.212232598,-0.658992569,-0.038670258,-0.76305184,0.771775132,0.600986424,-0.187434145,-0.24172768,-0.429703132,-0.416550525,,,,,,,,,,,,,,,
5,340,0.833333333,0.731707317,154,2.388888889,0.166666667,0.12195122,4.792682927,5.825,0.174418605,4.305555556,,-0.229608661,1.748164433,-0.059334852,-0.867979325,0.38054541,1.088296847,-0.183707316,-0.193371235,0.81514836,-0.465415745,,,,,,,,,,,,,,,
5,341,8.5,0.666666667,16,1.666666667,0,0,22.14285714,2,0.2,12.66666667,,0.772329421,1.276172864,-0.094541196,-1.279508479,-0.695336325,-0.826136956,0.342934925,-0.3190207,1.221600843,0.471628189,,,,,,,,,,,,,,,
5,342,0,0.5,42,2.2,0,0,1.8,0,0.227272727,4,,-0.338514974,0.066694468,-0.087908117,-0.975610027,-0.695336325,-0.826136956,-0.27454636,-0.384719767,1.654926218,-0.499659875,,,,,,,,,,,,,,,
5,343,0,0.521126761,282,3.378640777,0.189189189,0.098591549,1,0,0.106321839,4.475728155,,-0.338514974,0.220008631,-0.026679692,-0.304009199,0.525934834,0.7215884,-0.298829332,-0.384719767,-0.26681371,-0.446344212,,,,,,,,,,,,,,,
5,344,0,0.539473684,152,4.078947368,0.146341463,0.078947368,0.82278481,0,0.132258065,4.921052632,,-0.338514974,0.353149878,-0.059845089,0.095032218,0.24934032,0.413207032,-0.304208471,-0.384719767,0.145276526,-0.396435941,,,,,,,,,,,,,,,
5,345,0,0.483870968,172,2.72,0.133333333,0.064516129,1.271186441,0,0.110294118,4.24,,-0.338514974,-0.050351828,-0.05474272,-0.679309036,0.165369063,0.186660282,-0.290597816,-0.384719767,-0.203699776,-0.472762667,,,,,,,,,,,,,,,
11,353,0.631578947,0.393617021,471,6.052631579,0.027027027,0.010638298,5.455696203,9.122807018,0.080434783,10.55263158,,-0.255975453,-0.705313018,0.021537693,1.219656425,-0.520869017,-0.659133156,-0.1635824,-0.085039814,-0.678122719,0.234704683,,,,,,,,,,,,,,,
11,354,0.194805195,0.358024691,321,3.883116883,0.103448276,0.037037037,3.243902439,10.14285714,0.096989967,6.857142857,,-0.313056356,-0.963601943,-0.016730073,-0.016553872,-0.027547662,-0.244716319,-0.230718557,-0.051531643,-0.415084072,-0.179455019,,,,,,,,,,,,,,,
11,355,2.256410256,0.414634146,142,3.846153846,0,0,6.813953488,2.727272727,0.113333333,8.487179487,,-0.043630188,-0.552794466,-0.062396273,-0.037615765,-0.695336325,-0.826136956,-0.122354245,-0.29513013,-0.155410903,0.003225957,,,,,,,,,,,,,,,
11,356,8.117647059,0.5,74,2.823529412,0,0,22.33333333,1.697986577,0.125,14.35294118,,0.722360642,0.066694468,-0.079744327,-0.620316983,-0.695336325,-0.826136956,0.348716584,-0.3289417,0.029956063,0.66061184,,,,,,,,,,,,,,,
11,357,0.409836066,0.298507463,237,3.868852459,0,0,3.373333333,4.517857143,0.084745763,6.508196721,,-0.284954492,-1.395510756,-0.038160022,-0.024681878,-0.695336325,-0.826136956,-0.226789848,-0.236310268,-0.609627293,-0.218562005,,,,,,,,,,,,,,,
11,358,0.727272727,0.308943089,395,4.444444444,0.026315789,0.008130081,4.971428571,6.181818182,0.086363636,8.060606061,,-0.243469465,-1.319780766,0.002148692,0.30329596,-0.525460262,-0.698508035,-0.178281721,-0.181649924,-0.583921551,-0.044580852,,,,,,,,,,,,,,,
11,359,0.724137931,0.35483871,106,3.965517241,0,0,5.558823529,6.590909091,0.095652174,7.24137931,,-0.243879143,-0.986722199,-0.071580537,0.030398643,-0.695336325,-0.826136956,-0.160452102,-0.168211479,-0.43633972,-0.136392987,,,,,,,,,,,,,,,
11,360,1.01369863,0.363636364,245,3.904109589,0,0,8.716216216,2.588235294,0.042105263,7.109589041,,-0.206037158,-0.922878765,-0.036119074,-0.004592027,-0.695336325,-0.826136956,-0.064613505,-0.299697445,-1.28712501,-0.151162946,,,,,,,,,,,,,,,
11,361,0.272727273,0.333333333,100,10.90909091,0,0,5.153846154,26.75,0.083333333,17,,-0.302872908,-1.142783928,-0.073111248,3.986913563,-0.695336325,-0.826136956,-0.17274467,0.49400525,-0.632068815,0.957272221,,,,,,,,,,,,,,,
11,362,1.340909091,0.325203252,367,5.386363636,0.15,0.048780488,5.766666667,6.5875,0.084388186,9.602272727,,-0.163274816,-1.201782874,-0.004994625,0.840010556,0.272957237,-0.060363435,-0.154143291,-0.168323466,-0.615308691,0.128196352,,,,,,,,,,,,,,,
11,364,0.359223301,0.387755102,329,2.330097087,0.105263158,0.040816327,2.736363636,6.326086957,0.158333333,4.019417476,,-0.291568952,-0.747852206,-0.014689125,-0.901479458,-0.015832071,-0.185387683,-0.246124245,-0.176910762,0.559575965,-0.497483726,,,,,,,,,,,,,,,
11,365,1.151515152,0.509803922,280,3.181818182,0.115384615,0.058823529,4.724637681,4.52,0.123809524,6.378787879,,-0.188026251,0.137840256,-0.027189929,-0.416160603,0.049504876,0.09729582,-0.185772742,-0.236239876,0.011041067,-0.233065074,,,,,,,,,,,,,,,
11,366,0.46031746,0.518518519,162,2.222222222,0.035714286,0.018518519,2.347826087,9.222222222,0.2,3.793650794,,-0.278357201,0.201080957,-0.057293904,-0.962947591,-0.464790239,-0.535426637,-0.257917803,-0.08177407,1.221600843,-0.522785782,,,,,,,,,,,,,,,
11,367,0.283018868,0.510638298,222,3.41509434,0.083333333,0.042553191,2.310344828,25.125,0.132596685,5.679245283,,-0.301527925,0.143895217,-0.041986798,-0.283237609,-0.157395458,-0.158121756,-0.259055498,0.440624758,0.150656731,-0.311464002,,,,,,,,,,,,,,,
11,368,3.181818182,0.476190476,64,4.136363636,0.1,0.047619048,21.125,2.35,0.10989011,9.045454545,,0.077309131,-0.10608816,-0.082295511,0.127748559,-0.049807284,-0.078596137,0.312039179,-0.307523363,-0.210118893,0.065792792,,,,,,,,,,,,,,,
11,369,5.733333333,0.5,36,2.2,0,0,14.66666667,1.387096774,0.060606061,9.6,,0.410760461,0.066694468,-0.089438828,-0.975610027,-0.695336325,-0.826136956,0.116004771,-0.339154285,-0.993173294,0.127941643,,,,,,,,,,,,,,,
11,370,0.196078431,0.444444444,301,4.254901961,0.1875,0.083333333,1.733944954,11.76,0.110599078,5.764705882,,-0.312889959,-0.336464997,-0.021832441,0.195292834,0.515030627,0.482059476,-0.276551376,0.001590745,-0.198854379,-0.301886288,,,,,,,,,,,,,,,
11,371,0.549295775,0.6,242,2.563380282,0.1,0.06,3.036144578,6.285714286,0.164835165,4.929577465,,-0.266728841,0.792381506,-0.036884429,-0.768552454,-0.049807284,0.115764475,-0.23702478,-0.178236986,0.662880946,-0.395480549,,,,,,,,,,,,,,,
11,372,1.083333333,0.538461538,62,2.708333333,0.428571429,0.230769231,5.44,3.5,0.107692308,4.875,,-0.196936767,0.345804867,-0.082805748,-0.685956814,2.071216709,2.796560855,-0.164058838,-0.2697464,-0.245038886,-0.401597138,,,,,,,,,,,,,,,
11,373,0.204545455,0.483870968,131,3.5,0.2,0.096774194,1.816326531,12.9,0.097402597,4.795454545,,-0.311783425,-0.050351828,-0.065202576,-0.234857549,0.595721757,0.693058901,-0.274050789,0.039039213,-0.408527947,-0.410511932,,,,,,,,,,,,,,,
11,374,0,0.65625,97,3.103448276,0.047619048,0.03125,0.972972973,0,0.233333333,4.310344828,,-0.338514974,1.200580464,-0.073876603,-0.460816528,-0.387941544,-0.335563294,-0.299649702,-0.384719767,1.751220745,-0.464879003,,,,,,,,,,,,,,,
11,375,0.785714286,0.714285714,30,2.214285714,0,0,5.3125,3.076923077,0.161290323,4.142857143,,-0.235831879,1.62173812,-0.090969538,-0.96746989,-0.695336325,-0.826136956,-0.167928936,-0.283644279,0.606558376,-0.483649632,,,,,,,,,,,,,,,
11,377,0.235294118,0.272727273,41,3.705882353,0.333333333,0.090909091,1.176470588,0,0.047619048,5.176470588,,-0.307764956,-1.582594253,-0.088163235,-0.117543808,1.456427146,0.600986424,-0.293472794,-0.384719767,-1.19951871,-0.367810817,,,,,,,,,,,,,,,
11,378,1.58974359,0.477272727,126,3.769230769,0.19047619,0.090909091,5.780487805,2.868852459,0.142857143,6.846153846,,-0.130755238,-0.098234404,-0.066478168,-0.081447273,0.534242801,0.600986424,-0.153723768,-0.290479302,0.313681011,-0.180686576,,,,,,,,,,,,,,,
11,379,21,1,13,4,0,0,72,1.842105263,0.25,33,,2.40592412,3.695129655,-0.095306552,0.05004725,-0.695336325,-0.826136956,1.85628442,-0.324207468,2.016030697,2.750419417,,,,,,,,,,,,,,,
11,380,0.08988764,0.432432432,216,2.325842697,0.0625,0.027027027,1.520833333,18.54545455,0.077294686,3.449438202,,-0.326767776,-0.423634611,-0.043517509,-0.90390365,-0.291880674,-0.401857032,-0.283020105,0.22448976,-0.728014449,-0.561362272,,,,,,,,,,,,,,,
11,381,4,0.391304348,54,3.380952381,0.111111111,0.043478261,13.52173913,2.013888889,0.126760563,8.380952381,,0.184235329,-0.72209579,-0.084846696,-0.302692025,0.021918165,-0.143599687,0.081251967,-0.318564456,0.057928945,-0.008679096,,,,,,,,,,,,,,,
11,382,4.545454545,0.333333333,33,5.545454545,0,0,18.90909091,1.566037736,0.06557377,11.45454545,,0.255519462,-1.142783928,-0.090204183,0.930662083,-0.695336325,-0.826136956,0.244778106,-0.333276158,-0.914243353,0.335783704,,,,,,,,,,,,,,,
11,383,0.846153846,0.507042254,260,4.41025641,0.222222222,0.112676056,3.02247191,5.714285714,0.104651163,6.679487179,,-0.227933179,0.117799189,-0.032292297,0.28381529,0.739172655,0.942692023,-0.237439796,-0.197008148,-0.293358412,-0.199365193,,,,,,,,,,,,,,,
11,384,0,0.527472527,207,2.424242424,0.041666667,0.021978022,1.281690141,0,0.3,3.803030303,,-0.338514974,0.266059039,-0.045813575,-0.847834541,-0.426365891,-0.481118116,-0.290278989,-0.384719767,2.81046055,-0.521734604,,,,,,,,,,,,,,,
11,385,0,0.55,160,3.163636364,0.045454545,0.025,1.266666667,0,0.126436782,4.563636364,,-0.338514974,0.429537987,-0.057804141,-0.426520778,-0.401914034,-0.433678026,-0.290735008,-0.384719767,0.052784507,-0.43649219,,,,,,,,,,,,,,,
1,393,0,0.166666667,15,0,0,0,0,1.104166667,0.0625,0,,-0.338514974,-2.352262323,-0.094796315,-2.229191142,-0.695336325,-0.826136956,-0.329183046,-0.348448407,-0.963081254,-0.947946674,,,,,,,,,,,,,,,
1,394,1.46969697,0.528571429,316,4.939393939,0,0,8.283783784,2.493902439,0.113496933,9.333333333,,-0.14644384,0.274033622,-0.018005665,0.585322933,-0.695336325,-0.826136956,-0.077739436,-0.302796235,-0.152811541,0.098055857,,,,,,,,,,,,,,,
1,395,7.454545455,0.25,36,7.272727273,0,0,27.07692308,1.080291971,0.0375,17.09090909,,0.635701501,-1.747523125,-0.089438828,1.914878661,-0.695336325,-0.826136956,0.492702155,-0.349232679,-1.36029618,0.967460557,,,,,,,,,,,,,,,
1,397,1.5,0.403508772,286,7.327586207,0.043478261,0.01754386,12.5483871,4.134020619,0.054117647,11.94827586,,-0.14248361,-0.633529866,-0.025659218,1.946137809,-0.414671525,-0.550727181,0.051707117,-0.248919119,-1.096265082,0.39111691,,,,,,,,,,,,,,,
1,398,0.009615385,0.417582418,390,4.798076923,0,0,2.314814815,67,0.076152305,7.086538462,,-0.337258363,-0.531399244,0.0008731,0.50479914,-0.695336325,-0.826136956,-0.258919818,1.816198965,-0.746165287,-0.153746264,,,,,,,,,,,,,,,
1,399,1.025,0.257575758,269,4.1,0,0,6.325581395,3.782178218,0.051829268,7.45,,-0.204560209,-1.692546835,-0.029996231,0.10702821,-0.695336325,-0.826136956,-0.137178153,-0.260476977,-1.13262421,-0.113012511,,,,,,,,,,,,,,,
1,400,11.5,0.666666667,12,5,0,0,36.25,1,0.2,19.5,,1.164392149,1.276172864,-0.09556167,0.619856848,-0.695336325,-0.826136956,0.771139116,-0.351870233,1.221600843,1.23745147,,,,,,,,,,,,,,,
1,401,0.177777778,0.356643357,334,7.633333333,0.078431373,0.027972028,2.742574257,23.29411765,0.074235808,10.3,,-0.315281627,-0.97362611,-0.013413533,2.120355456,-0.189039038,-0.387022069,-0.24593573,0.380481127,-0.776615731,0.206391833,,,,,,,,,,,,,,,
1,402,24,0.25,6,12,0,0,68,1.25,0.083333333,40,,2.797986847,-1.747523125,-0.097092381,4.608524034,-0.695336325,-0.826136956,1.734869561,-0.34365785,-0.632068815,3.534921315,,,,,,,,,,,,,,,
1,403,0.467741935,0.378787879,305,6.629032258,0.04,0.015151515,3.921052632,15.59090909,0.060827251,10.56451613,,-0.277386915,-0.812926183,-0.020811968,1.548095064,-0.437124709,-0.588283059,-0.210164533,0.127434321,-0.989658895,0.236036605,,,,,,,,,,,,,,,
1,404,0.407407407,0.423076923,86,5.62962963,0,0,3.033333333,23,0.072368421,8.333333333,,-0.285271888,-0.49152633,-0.076682906,0.978625854,-0.695336325,-0.826136956,-0.237110111,0.3708195,-0.806285888,-0.014015843,,,,,,,,,,,,,,,
1,405,1.444444444,0.652173913,62,3.111111111,0.2,0.130434783,5.222222222,7.454545455,0.267857143,6,,-0.149744031,1.171000829,-0.082805748,-0.456450171,0.595721757,1.221474851,-0.170669202,-0.139841427,2.299755644,-0.275516476,,,,,,,,,,,,,,,
1,406,6.125,0.4375,51,3.5,0.142857143,0.0625,24.33333333,2.737704918,0.125,11.75,,0.461946428,-0.38685993,-0.085612051,-0.234857549,0.226848019,0.155010368,0.409424014,-0.294787438,0.029956063,0.368895798,,,,,,,,,,,,,,,
1,407,1.111111111,0.461538462,98,2.666666667,0,0,4.666666667,4.142857143,0.083333333,5.444444444,,-0.193306557,-0.212415931,-0.073621484,-0.709698881,-0.695336325,-0.826136956,-0.187532377,-0.248628843,-0.632068815,-0.337778531,,,,,,,,,,,,,,,
1,408,5.5,0.714285714,26,2.4,0,0,27.2,1.5,0.208333333,9.9,,0.380266693,1.62173812,-0.091990012,-0.861648107,-0.695336325,-0.826136956,0.496437997,-0.335445467,1.354005819,0.161563153,,,,,,,,,,,,,,,
1,409,0.277777778,0.764705882,60,5.111111111,0.230769231,0.176470588,4.8,12.33333333,0.141304348,6.777777778,,-0.30221287,1.987630744,-0.083315985,0.683169025,0.794346078,1.94416137,-0.183485215,0.020424478,0.289009276,-0.188349598,,,,,,,,,,,,,,,
1,410,0.833333333,0.509615385,250,4.208333333,0.20754717,0.105769231,4.908163265,5.672131148,0.131188119,6.114583333,,-0.229608661,0.136472068,-0.034843482,0.168757583,0.64444093,0.834266208,-0.180202058,-0.198392905,0.12827659,-0.262674927,,,,,,,,,,,,,,,
1,411,1.666666667,0.523809524,89,2.487179487,0.090909091,0.047619048,9.813953488,2.225352113,0.113402062,5.487179487,,-0.120702348,0.239477096,-0.07591755,-0.811972398,-0.108491742,-0.078596137,-0.031293101,-0.311617988,-0.154318903,-0.332989142,,,,,,,,,,,,,,,
1,412,0.308823529,0.5625,275,3.441176471,0.083333333,0.046875,3.056338028,8.59375,0.153846154,5.632352941,,-0.298155576,0.520248867,-0.028465521,-0.268375761,-0.157395458,-0.090276463,-0.236411834,-0.10241909,0.488280979,-0.316719307,,,,,,,,,,,,,,,
1,413,8,0.428571429,48,8,0.333333333,0.142857143,59.9,2.520833333,0.041666667,19.88888889,,0.706985633,-0.451653416,-0.086377406,2.329285642,1.456427146,1.416485499,1.489004471,-0.301911568,-1.294093693,1.281034909,,,,,,,,,,,,,,,
1,414,0.096385542,0.576086957,261,4.698795181,0.150943396,0.086956522,1.571428571,122.5,0.135897436,6.084337349,,-0.325918581,0.618847649,-0.032037179,0.448227451,0.279047133,0.538937582,-0.281484352,3.639348064,0.203101031,-0.266064646,,,,,,,,,,,,,,,
1,415,0.676056338,0.607142857,258,5.507042254,0.137254902,0.083333333,5.319444444,5.215686275,0.130434783,7.830985915,,-0.25016281,0.844216294,-0.032802534,0.90877439,0.190683927,0.482059476,-0.167718147,-0.213386907,0.116307134,-0.070314772,,,,,,,,,,,,,,,
1,416,0.178571429,0.47826087,77,3.25,0,0,1.966666667,11.33333333,0.120879121,4.892857143,,-0.315177907,-0.091063583,-0.078978972,-0.377309949,-0.695336325,-0.826136956,-0.269487407,-0.012425056,-0.035518925,-0.399595858,,,,,,,,,,,,,,,
1,417,0.191666667,0.516949153,399,3.883333333,0.098360656,0.050847458,2.041322314,13.125,0.130901288,5.5,,-0.313466522,0.189692271,0.003169165,-0.016430537,-0.060389727,-0.027915404,-0.267221331,0.046430358,0.123719243,-0.331552326,,,,,,,,,,,,,,,
1,418,2.363636364,0.647058824,19,3.545454545,0,0,10.46153846,1.851851852,0.282051282,6.818181818,,-0.029617068,1.133881288,-0.093775841,-0.208957113,-0.695336325,-0.826136956,-0.011636491,-0.323887297,2.525280603,-0.183821449,,,,,,,,,,,,,,,
1,419,0.75,0.561403509,196,3.875,0.09375,0.052631579,5.702702703,6.257142857,0.129032258,6.234375,,-0.240499292,0.512291772,-0.048619877,-0.02117895,-0.090152849,9.23697E-05,-0.156084835,-0.179175544,0.094022987,-0.249249671,,,,,,,,,,,,,,,
1,420,5.090909091,0.333333333,25,1.727272727,0,0,38,1.276923077,0.157894737,8.363636364,,0.326803594,-1.142783928,-0.09224513,-1.244974564,-0.695336325,-0.826136956,0.824258117,-0.342773439,0.552607282,-0.010619731,,,,,,,,,,,,,,,
1,421,0.333333333,0.578947368,68,2.566666667,0.090909091,0.052631579,2.424242424,9.857142857,0.142857143,3.833333333,,-0.294952449,0.639605287,-0.081275038,-0.766679841,-0.108491742,9.23697E-05,-0.255598283,-0.060917224,0.313681011,-0.518338492,,,,,,,,,,,,,,,
1,422,1.225,0.518518519,140,2.85,0.214285714,0.111111111,8.295454545,4.3,0.122807018,5.675,,-0.178422694,0.201080957,-0.06290651,-0.605233788,0.687940192,0.918124953,-0.077385185,-0.243466773,-0.004887352,-0.311939778,,,,,,,,,,,,,,,
1,423,0.010752688,0.535353535,185,3,0.056603774,0.03030303,0.737373737,0,0.189964158,3.806451613,,-0.337109732,0.323250491,-0.05142618,-0.519762348,-0.329942528,-0.350429162,-0.306801014,-0.384719767,1.062145389,-0.521351172,,,,,,,,,,,,,,,
1,424,0.037037037,0.517647059,268,4.333333333,0.045454545,0.023529412,1.287356322,0,0.125356125,5.716049383,,-0.333674694,0.194756887,-0.03025135,0.239983782,-0.401914034,-0.456763845,-0.290107,-0.384719767,0.035614395,-0.307339304,,,,,,,,,,,,,,,
1,425,4.5,0.375,46,2.944444444,0.333333333,0.125,20.45,0.957831325,0.056603774,8.888888889,,0.249579117,-0.840414329,-0.086887643,-0.551418437,1.456427146,1.136157692,0.291550422,-0.353255455,-1.056764019,0.048246212,,,,,,,,,,,,,,,
1,426,0.338235294,0.559322034,225,4.029411765,0.090909091,0.050847458,2.144736842,5.648648649,0.120437956,5.794117647,,-0.294311824,0.497186778,-0.041221443,0.066806356,-0.108491742,-0.027915404,-0.264082316,-0.199164295,-0.042528413,-0.298590061,,,,,,,,,,,,,,,
7,432,1.593023256,0.301369863,257,4.895348837,0.045454545,0.01369863,9.483146067,2.8,0.052256532,8.558139535,,-0.130326627,-1.374738688,-0.033057653,0.560225611,-0.401914034,-0.611090967,-0.041334335,-0.292741073,-1.125835588,0.01117857,,,,,,,,,,,,,,,
7,433,3.142857143,0.2,58,3.476190476,0,0,12.47619048,1.369747899,0.04109589,8.666666667,,0.072217407,-2.110366644,-0.083826222,-0.248424444,-0.695336325,-0.826136956,0.049515681,-0.339724187,-1.303162527,0.02334139,,,,,,,,,,,,,,,
7,435,1.444444444,0.428571429,169,4.476190476,0.133333333,0.057142857,5.315068493,2.88372093,0.053191489,7.841269841,,-0.149744031,-0.451653416,-0.055508075,0.321385154,0.165369063,0.070912026,-0.167850973,-0.28999088,-1.110980428,-0.069162235,,,,,,,,,,,,,,,
7,436,13.16666667,0.181818182,23,8,0,0,71.16666667,2,0.041666667,25,,1.382204775,-2.242309742,-0.092755367,2.329285642,-0.695336325,-0.826136956,1.830989658,-0.3190207,-1.294093693,1.853845819,,,,,,,,,,,,,,,
7,437,1.182795699,0.455696203,460,4.247311828,0.027777778,0.012658228,6.892156863,5.466019417,0.091139241,8.752688172,,-0.183938272,-0.254812447,0.01873139,0.190967903,-0.516022703,-0.627423574,-0.119980483,-0.20516358,-0.508043901,0.032981966,,,,,,,,,,,,,,,
7,438,0.691056911,0.389312977,521,5.235772358,0.019607843,0.007633588,4.71969697,8.539473684,0.079192547,8.853658537,,-0.248202422,-0.736546909,0.034293615,0.7542022,-0.568762003,-0.706302168,-0.185922711,-0.104202041,-0.697860107,0.044297887,,,,,,,,,,,,,,,
7,439,0.134328358,0.533333333,192,2.910447761,0.03125,0.016666667,2.084507042,34.66666667,0.164102564,5,,-0.320959927,0.308590147,-0.049640351,-0.570790073,-0.4936085,-0.564497669,-0.265910514,0.754064055,0.651240948,-0.387588176,,,,,,,,,,,,,,,
7,440,1.44,0.407407407,320,5.893333333,0.090909091,0.037037037,6.230769231,5.361445783,0.099547511,10.18666667,,-0.150324865,-0.605237974,-0.016985191,1.128886755,-0.108491742,-0.244716319,-0.140056054,-0.208598775,-0.374448274,0.193690374,,,,,,,,,,,,,,,
7,441,0.3,0.354166667,254,4.5,0.058823529,0.020833333,2.883116883,16.82352941,0.053968254,7.114285714,,-0.299308702,-0.991599128,-0.033823008,0.334952049,-0.31561336,-0.499087848,-0.241669739,0.167925323,-1.098638729,-0.150636582,,,,,,,,,,,,,,,
7,442,0.042105263,0.511627907,217,4.042105263,0.045454545,0.023255814,1.232323232,32.5,0.114583333,5.2,,-0.33301234,0.151076682,-0.04326239,0.074039233,-0.401914034,-0.461058882,-0.291777458,0.682890066,-0.135550156,-0.365173836,,,,,,,,,,,,,,,
7,443,0.23,0.563636364,350,4.19,0.112903226,0.063636364,2.18627451,14.7826087,0.14797136,5.94,,-0.308456832,0.52849531,-0.009331638,0.158311073,0.033486786,0.17284941,-0.262821493,0.10088203,0.394938752,-0.282240778,,,,,,,,,,,,,,,
7,444,0.265957447,0.607142857,257,2.755319149,0.039215686,0.023809524,1.931372549,8.633333333,0.196911197,4.127659574,,-0.30375764,0.844216294,-0.033057653,-0.659183846,-0.442187682,-0.452366547,-0.270558715,-0.101118796,1.172524095,-0.48535285,,,,,,,,,,,,,,,
7,445,0,0.5,22,3.8,0,0,2.6,0,0.157894737,5.8,,-0.338514974,0.066694468,-0.093010486,-0.06391467,-0.695336325,-0.826136956,-0.250263388,-0.384719767,0.552607282,-0.297930816,,,,,,,,,,,,,,,
7,446,1.077777778,0.509090909,290,3.455555556,0.071428571,0.036363636,4.583333333,4.632911392,0.090032154,6.111111111,,-0.197662809,0.132666017,-0.024638744,-0.26018242,-0.234244153,-0.255287604,-0.190061854,-0.232530789,-0.525633947,-0.263064065,,,,,,,,,,,,,,,
7,447,3.346153846,0.545454545,84,1.423076923,0,0,9.307692308,3.018518519,0.324324324,6,,0.09878576,0.396552212,-0.077193143,-1.418308253,-0.695336325,-0.826136956,-0.046660009,-0.285562842,3.196939938,-0.275516476,,,,,,,,,,,,,,,
7,448,26,0.5,10,2,0,0,78.25,1.470588235,0.25,29.75,,3.059361999,0.066694468,-0.096071907,-1.089571946,-0.695336325,-0.826136956,2.045995138,-0.336411629,2.016030697,2.386186393,,,,,,,,,,,,,,,
7,449,1.884615385,0.684210526,73,2.961538462,0.153846154,0.105263158,9.766666667,2.283018868,0.168831169,5.923076923,,-0.092219158,1.403486379,-0.079999445,-0.541678102,0.297785277,0.826321695,-0.032728432,-0.309723662,0.726371844,-0.284137376,,,,,,,,,,,,,,,
7,450,2.357142857,0.625,77,3.428571429,0.133333333,0.083333333,8.344827586,2.725490196,0.15625,6.892857143,,-0.030465688,0.973803265,-0.078978972,-0.275558235,0.165369063,0.482059476,-0.07588653,-0.295188686,0.526474721,-0.175452458,,,,,,,,,,,,,,,
7,452,0.269230769,0.626373626,324,3.057692308,0.087719298,0.054945055,1.770642202,14.45454545,0.179245283,4.615384615,,-0.303329858,0.983771493,-0.015964717,-0.486888718,-0.12908278,0.036410142,-0.275437478,0.090105306,0.891837508,-0.430692675,,,,,,,,,,,,,,,
7,453,0.182926829,0.509090909,240,2.402439024,0.107142857,0.054545455,1.872093023,10.75,0.14213198,3.93902439,,-0.31460871,0.132666017,-0.037394666,-0.860258328,-0.003698067,0.030137072,-0.272358069,-0.031587283,0.302159185,-0.506493516,,,,,,,,,,,,,,,
7,454,1.114583333,0.528089888,283,2.854166667,0.063829787,0.033707865,5.774509804,4.356321839,0.171532847,5.354166667,,-0.19285278,0.270539142,-0.026424573,-0.602859581,-0.283296512,-0.296978848,-0.153905223,-0.241616627,0.769297715,-0.347896115,,,,,,,,,,,,,,,
7,455,0,0.616666667,179,3.294117647,0.027027027,0.016666667,1.083333333,159,0.165178571,4.441176471,,-0.338514974,0.913329345,-0.052956891,-0.35217129,-0.520869017,-0.564497669,-0.296299855,4.83835603,0.668337195,-0.450216478,,,,,,,,,,,,,,,
7,456,0,0.653846154,184,2.361445783,0.088235294,0.057692308,0.866666667,0,0.173469388,3.301204819,,-0.338514974,1.183136064,-0.051681299,-0.88361667,-0.125751877,0.079537497,-0.302876494,-0.384719767,0.800066635,-0.577975039,,,,,,,,,,,,,,,
7,457,0.034090909,0.636363636,214,2.693181818,0.25,0.159090909,0.824175824,0,0.11814346,3.556818182,,-0.334059716,1.056267701,-0.044027746,-0.694590293,0.918486278,1.67132896,-0.304166248,-0.384719767,-0.07898474,-0.549328015,,,,,,,,,,,,,,,
7,458,5.16,0.833333333,61,2.68,0.066666667,0.055555556,11.51851852,1.317365269,0.223880597,8.88,,0.335832917,2.485651259,-0.083060867,-0.70210142,-0.264983631,0.045993999,0.02044678,-0.341444932,1.601030027,0.047250019,,,,,,,,,,,,,,,
7,459,0.045454545,0.538461538,55,1.409090909,0.142857143,0.076923077,1.076923077,23.5,0.225806452,2.5,,-0.33257463,0.345804867,-0.084591577,-1.426277618,0.226848019,0.381428981,-0.29649443,0.387244266,1.631629155,-0.667767425,,,,,,,,,,,,,,,
7,460,0.468965517,0.547945205,340,3.117241379,0.2,0.109589041,2.798657718,2.991869919,0.088495575,4.55862069,,-0.277227008,0.414626609,-0.011882822,-0.452957085,0.595721757,0.894230955,-0.244233388,-0.286438236,-0.550048033,-0.437054305,,,,,,,,,,,,,,,
6,464,0.25,0.245901639,351,3.48,0,0,2.692307692,10.67567568,0.043103448,5.94,,-0.30584308,-1.777264397,-0.00907652,-0.246253741,-0.695336325,-0.826136956,-0.247461507,-0.034028803,-1.271265248,-0.282240778,,,,,,,,,,,,,,,
6,465,18,1,4,1.25,0,0,57.2,1.5,0.2,21.25,,2.013861392,3.695129655,-0.097602618,-1.516929145,-0.695336325,-0.826136956,1.407049441,-0.335445467,1.221600843,1.433576945,,,,,,,,,,,,,,,
6,466,1.206349206,0.462962963,203,4.571428571,0,0,4.656716418,3.630434783,0.086805556,7.904761905,,-0.180860121,-0.202078509,-0.046834048,0.375652734,-0.695336325,-0.826136956,-0.187834404,-0.265461678,-0.576900075,-0.062046572,,,,,,,,,,,,,,,
6,467,0.016129032,0.3,341,2.85483871,0.041666667,0.0125,1.647058824,118,0.06779661,4.629032258,,-0.33640711,-1.384679607,-0.011627704,-0.602476645,-0.426365891,-0.629907491,-0.279188693,3.491525164,-0.878925549,-0.429163161,,,,,,,,,,,,,,,
6,468,0.294117647,0.166666667,69,3.823529412,0,0,3,6.727272727,0.030769231,6.705882353,,-0.300077452,-2.352262323,-0.081019919,-0.050507385,-0.695336325,-0.826136956,-0.238121902,-0.163731997,-1.467238661,-0.196407041,,,,,,,,,,,,,,,
6,469,2.045454545,0.375,211,7,0.142857143,0.053571429,10.10416667,3.593406593,0.068181818,12.40909091,,-0.071199478,-0.840414329,-0.044793101,1.759476044,0.226848019,0.014846465,-0.022484053,-0.266678037,-0.872805134,0.442761236,,,,,,,,,,,,,,,
6,470,0.195652174,0.395348837,208,3.804347826,0,0,3.708333333,10.04545455,0.097142857,6.782608696,,-0.312945666,-0.692745455,-0.045558456,-0.061437237,-0.695336325,-0.826136956,-0.216621354,-0.054731273,-0.412654855,-0.187808189,,,,,,,,,,,,,,,
6,472,5.25,0.5,12,4.75,0,0,8.6,3,0.105263158,12.25,,0.347594799,0.066694468,-0.09556167,0.477404448,-0.695336325,-0.826136956,-0.068141099,-0.286171167,-0.283634669,0.424931647,,,,,,,,,,,,,,,
6,473,0.974683544,0.36,236,4.379746835,0.148148148,0.053333333,5.094117647,5.028571429,0.078034682,7.405063291,,-0.211135945,-0.949267384,-0.03841514,0.266430641,0.261002995,0.011108761,-0.174557652,-0.219533542,-0.716256949,-0.118048645,,,,,,,,,,,,,,,
6,475,0.382022472,0.366666667,319,3.247191011,0.045454545,0.016666667,3.22826087,7.489361702,0.076124567,5.820224719,,-0.288589384,-0.900888248,-0.01724031,-0.378910537,-0.401914034,-0.564497669,-0.231193337,-0.13869773,-0.746605991,-0.295664197,,,,,,,,,,,,,,,
6,476,0.695652174,0.8,48,1.739130435,0.25,0.2,2.16,4.533333333,0.2,3.260869565,,-0.247601878,2.24375558,-0.086377406,-1.238217928,0.918486278,2.313534481,-0.263619022,-0.235801882,1.221600843,-0.582495479,,,,,,,,,,,,,,,
6,477,0.803571429,0.522222222,295,2.008928571,0.255319149,0.133333333,2.991596639,5,0.208888889,3.955357143,,-0.233498172,0.227958254,-0.023363152,-1.084484361,0.952822929,1.266977335,-0.238376975,-0.2204721,1.362832817,-0.504663076,,,,,,,,,,,,,,,
6,478,0.514851485,0.489795918,261,2.861386139,0.145833333,0.071428571,2.897196262,4.316666667,0.166089965,4.475247525,,-0.271230282,-0.00735523,-0.032037179,-0.598745857,0.246060193,0.295174272,-0.241242377,-0.242919281,0.682817967,-0.446398077,,,,,,,,,,,,,,,
6,479,0.896551724,0.580645161,117,2.586206897,0.166666667,0.096774194,3.375,4.666666667,0.24,5.482758621,,-0.221346803,0.65192595,-0.068774234,-0.75554563,0.38054541,0.693058901,-0.226739259,-0.231421944,1.857144726,-0.333484596,,,,,,,,,,,,,,,
6,480,1.176470588,0.5,31,2.882352941,0,0,5.529411765,2.52,0.102040816,4.705882353,,-0.184764885,0.066694468,-0.09071442,-0.586798772,-0.695336325,-0.826136956,-0.161344859,-0.301938943,-0.334833155,-0.42055044,,,,,,,,,,,,,,,
6,481,0,0.58,255,2.638554217,0.103448276,0.06,1.296703297,52.75,0.132420091,4.036144578,,-0.338514974,0.647244098,-0.03356789,-0.725717625,-0.027547662,0.115764475,-0.289823284,1.348093116,0.147850904,-0.495609091,,,,,,,,,,,,,,,
6,482,0.409836066,0.459459459,190,3.262295082,0.176470588,0.081081081,1.984848485,11.23529412,0.085427136,4.950819672,,-0.284954492,-0.227502979,-0.050150588,-0.370304093,0.443832571,0.446702816,-0.268935522,-0.015645598,-0.598801233,-0.393099898,,,,,,,,,,,,,,,
6,483,0.5625,0.769230769,76,2.6875,0.1,0.076923077,3.888888889,4.785714286,0.23255814,5.4375,,-0.265003213,2.020467261,-0.07923409,-0.697827848,-0.049807284,0.381428981,-0.211140822,-0.227511286,1.738904004,-0.338556807,,,,,,,,,,,,,,,
6,484,1.434782609,0.5,72,2.47826087,0.375,0.1875,6.333333333,3.433333333,0.140350877,5.695652174,,-0.151006713,0.066694468,-0.080254564,-0.817054312,1.725397579,2.117305016,-0.136942853,-0.271936369,0.273859965,-0.309625254,,,,,,,,,,,,,,,
6,486,2.153846154,0.4,64,4.769230769,0,0,10.61538462,2.244444444,0.064516129,9.538461538,,-0.057034042,-0.658992569,-0.082295511,0.488362325,-0.695336325,-0.826136956,-0.006966689,-0.310990814,-0.931047792,0.121044923,,,,,,,,,,,,,,,
6,487,3.761904762,0.333333333,57,1.142857143,2,0.666666667,17.60869565,2.322580645,0.041666667,6.333333333,,0.15311924,-1.142783928,-0.08408134,-1.577980173,12.2152445,9.639434498,0.20530628,-0.308424076,-1.294093693,-0.238159243,,,,,,,,,,,,,,,
6,488,3.696969697,0.285714286,81,3.575757576,0.25,0.071428571,15.02941176,2.679012346,0.033898305,8.666666667,,0.144633034,-1.488349183,-0.077958498,-0.191690155,0.918486278,0.295174272,0.127015432,-0.296715461,-1.41752206,0.02334139,,,,,,,,,,,,,,,
6,489,11.75,0.75,32,1.75,0,0,32.16666667,1.931818182,0.142857143,15.08333333,,1.197064043,1.880912062,-0.090459301,-1.232024346,-0.695336325,-0.826136956,0.64719478,-0.321260441,0.313681011,0.74246813,,,,,,,,,,,,,,,
6,490,2.666666667,0.615384615,106,3.777777778,0.25,0.153846154,14.17142857,2.53030303,0.156862745,8.185185185,,0.009985228,0.904025665,-0.071580537,-0.076577105,0.918486278,1.588994918,0.100972455,-0.301600493,0.536210381,-0.030619058,,,,,,,,,,,,,,,
6,491,0.180851064,0.45,226,3.723404255,0.148148148,0.066666667,1.760416667,14.875,0.077142857,5.063829787,,-0.314879987,-0.296149051,-0.040966324,-0.10755966,0.261002995,0.22042019,-0.275747861,0.103917041,-0.730426797,-0.380434663,,,,,,,,,,,,,,,
6,492,0.333333333,0.675675676,273,4.614035088,0.16,0.108108108,1.844827586,13.86363636,0.047528517,6.00877193,,-0.294952449,1.341550074,-0.028975758,0.399930336,0.337510141,0.87098274,-0.273185676,0.070694218,-1.200957113,-0.274533391,,,,,,,,,,,,,,,
6,493,0,0.451923077,369,4.975609756,0.085106383,0.038461538,2.090909091,0,0.115196078,7.219512195,,-0.338514974,-0.282193531,-0.004484388,0.605959053,-0.145949907,-0.222353987,-0.265716188,-0.384719767,-0.125814496,-0.138843671,,,,,,,,,,,,,,,
6,494,0,0.565217391,281,4.231481481,0.153846154,0.086956522,0.94017094,0,0.085339168,5.25,,-0.338514974,0.539968623,-0.02693481,0.18194762,0.297785277,0.538937582,-0.300645366,-0.384719767,-0.600198908,-0.359570251,,,,,,,,,,,,,,,
6,495,0,0.888888889,58,2.761904762,0.125,0.111111111,0.923076923,0,0.137931034,3.904761905,,-0.338514974,2.888810725,-0.083826222,-0.6554313,0.111574976,0.918124953,-0.301164233,-0.384719767,0.23541206,-0.51033337,,,,,,,,,,,,,,,
6,496,0,0.592592593,124,3.4,0,0,1.5,0,0.188235294,5.56,,-0.338514974,0.73862691,-0.066988405,-0.291838509,-0.695336325,-0.826136956,-0.283652474,-0.384719767,1.034676172,-0.324828024,,,,,,,,,,,,,,,
#N/A,Grand Total,1,0.473417121,79717,3.893195133,0.109096373,0.051648091,5.179573726,3.906890894,0.105041619,6.669875865,,-0.207827398,-0.126214038,20.23865344,-0.010811189,0.008912448,-0.015346774,-0.171963743,-0.256380224,-0.287154613,-0.200442349,,,,,,,,,,,,,,,
