Main_Player,blocked_shot,faceoff,giveaway_takeaway,goal,hit,missed_shot,other,pass,penalty,puck_recovery,shot,zone_entry,zone_exit,Second_Player,blocked_shot,faceoff,giveaway_takeaway,goal,hit,missed_shot,other,pass,penalty,puck_recovery,shot,zone_entry,zone_exit,Second_Player,blocked_shot,faceoff,giveaway_takeaway,goal,hit,missed_shot,other,pass,penalty,puck_recovery,shot,zone_entry,zone_exit,Ratios,blocked_shot,giveaway_takeaway,goal,hit,missed_shot,other,pass,penalty,puck_recovery,shot,zone_entry,zone_exit
2,0,0,0,0,0,0,0,3,0,2,0,0,0,2,0,0,0,0,0,0,0,0,1,0,0,1,0,2,0,0,0,0,0,0,0,0,0,0,0,0,1,,,,,,,,,,,,,
3,0,0,2,0,0,0,0,1,0,0,0,0,0,3,0,0,0,0,0,0,0,0,1,0,0,0,0,3,0,0,0,0,0,0,0,0,0,0,0,0,0,,,,,,,,,,,,,
4,0,0,1,0,0,0,0,10,1,4,0,0,0,4,0,0,2,0,0,0,0,3,2,0,0,0,0,4,0,0,0,0,0,0,0,0,0,0,0,0,0,,,,,,,,,,,,,
5,18,0,27,0,3,13,0,193,2,41,14,48,74,5,12,0,41,0,7,0,0,185,3,0,0,72,26,5,0,0,0,3,0,0,0,0,0,0,0,4,2,,,,,,,,,,,,,
6,23,0,57,3,7,35,0,374,1,80,35,71,151,6,26,0,77,4,12,0,0,364,3,0,0,116,42,6,0,0,0,2,0,0,0,0,0,0,0,1,3,,,,,,,,,,,,,
7,41,0,81,1,24,31,0,390,8,148,32,135,239,7,20,0,123,2,24,0,0,358,4,0,0,179,73,7,0,0,0,3,0,0,0,0,0,0,0,2,7,,,,,,,,,,,,,
8,6,0,24,0,1,5,0,95,2,24,7,26,51,8,14,0,34,0,5,0,0,75,2,0,0,41,14,8,0,0,0,0,0,0,0,0,0,0,0,1,1,,,,,,,,,,,,,
9,6,0,24,0,14,6,0,87,5,40,8,23,43,9,4,0,21,0,3,0,0,70,4,0,0,39,7,9,0,0,0,1,0,0,0,0,0,0,0,0,3,,,,,,,,,,,,,
10,4,0,15,0,8,4,0,55,3,20,13,23,41,10,6,0,21,0,4,0,0,58,0,0,0,23,9,10,0,0,0,1,0,0,0,0,0,0,0,0,1,,,,,,,,,,,,,
11,11,0,35,0,5,9,0,260,4,62,21,61,105,11,11,1,58,4,3,0,0,190,0,0,0,86,35,11,0,0,0,0,0,0,0,0,0,0,0,1,3,,,,,,,,,,,,,
12,25,0,48,1,7,25,0,358,2,103,34,98,168,12,16,1,84,4,10,0,0,302,4,0,0,72,52,12,0,0,0,3,0,0,0,0,0,0,0,4,13,,,,,,,,,,,,,
13,13,0,34,0,0,10,0,233,3,75,20,74,130,13,20,0,58,1,14,0,0,192,4,0,0,80,25,13,0,0,0,3,0,0,0,0,0,0,0,0,2,,,,,,,,,,,,,
14,46,0,54,2,3,31,0,378,1,81,50,102,222,14,13,0,82,3,8,0,0,407,2,0,0,99,41,14,0,0,0,2,0,0,0,0,0,0,0,2,3,,,,,,,,,,,,,
15,0,0,0,0,0,0,0,0,0,0,0,0,0,15,0,0,0,0,0,0,0,0,0,0,0,0,0,15,0,0,0,0,0,0,0,0,0,0,0,0,0,,,,,,,,,,,,,
16,40,0,100,4,6,41,0,464,6,139,66,161,268,16,27,0,117,6,8,0,0,452,2,0,0,128,51,16,0,0,0,8,0,0,0,0,0,0,0,0,9,,,,,,,,,,,,,
17,11,3,95,6,32,22,0,153,2,76,47,156,83,17,10,0,67,4,21,0,0,204,11,0,0,93,143,17,0,0,0,2,0,0,0,0,0,0,0,14,69,,,,,,,,,,,,,
18,6,71,38,2,9,6,0,112,1,58,16,67,59,18,4,55,37,3,4,0,0,123,4,0,0,43,54,18,0,0,0,1,0,0,0,0,0,0,0,7,21,,,,,,,,,,,,,
19,0,27,17,1,7,3,0,38,3,21,1,20,20,19,2,17,17,0,8,0,0,36,2,0,0,19,33,19,0,0,0,0,0,0,0,0,0,0,0,0,13,,,,,,,,,,,,,
20,17,93,52,5,26,21,0,240,4,100,34,98,75,20,8,78,71,0,12,0,0,248,3,0,0,70,134,20,0,0,0,2,0,0,0,0,0,0,0,14,41,,,,,,,,,,,,,
21,5,1,28,0,5,2,0,55,2,23,8,36,18,21,4,0,27,0,7,0,0,44,0,0,0,11,28,21,0,0,0,0,0,0,0,0,0,0,0,3,17,,,,,,,,,,,,,
22,7,4,26,1,6,7,0,68,3,38,14,57,49,22,3,1,25,1,7,0,0,88,2,0,0,21,48,22,0,0,0,1,0,0,0,0,0,0,0,4,18,,,,,,,,,,,,,
23,2,16,33,0,8,8,0,102,2,40,6,61,48,23,4,25,42,3,14,0,0,102,4,0,0,33,49,23,0,0,0,1,0,0,0,0,0,0,0,2,22,,,,,,,,,,,,,
24,34,75,105,11,8,27,0,510,4,150,58,208,134,24,14,71,95,7,20,0,0,513,14,0,0,66,105,24,0,0,0,6,0,0,0,0,0,0,0,23,97,,,,,,,,,,,,,
25,8,3,36,3,13,16,0,108,6,53,30,92,76,25,8,0,43,0,14,0,0,153,5,0,0,41,62,25,0,0,0,2,0,0,0,0,0,0,0,5,31,,,,,,,,,,,,,
26,28,9,132,10,14,22,0,454,2,141,53,195,177,26,18,11,103,4,18,0,0,552,7,0,0,88,158,26,0,0,0,1,0,0,0,0,0,0,0,39,77,,,,,,,,,,,,,
27,1,0,0,0,0,0,0,2,0,2,0,2,2,27,1,0,4,0,0,0,0,2,0,0,0,0,4,27,0,0,0,0,0,0,0,0,0,0,0,0,1,,,,,,,,,,,,,
28,13,2,45,3,7,11,0,208,1,87,30,111,84,28,1,1,41,2,21,0,0,220,2,0,0,52,94,28,0,0,0,2,0,0,0,0,0,0,0,10,35,,,,,,,,,,,,,
29,0,0,4,0,8,2,0,12,5,8,3,7,8,29,1,0,5,0,2,0,0,12,4,0,0,12,12,29,0,0,0,0,0,0,0,0,0,0,0,1,5,,,,,,,,,,,,,
30,17,147,123,4,12,19,0,384,8,129,32,195,149,30,12,149,110,4,9,0,0,381,7,0,0,93,118,30,0,0,0,3,0,0,0,0,0,0,0,17,69,,,,,,,,,,,,,
31,13,103,55,3,15,10,0,277,5,84,20,95,63,31,8,101,75,2,10,0,0,255,6,0,0,48,94,31,0,0,0,2,0,0,0,0,0,0,0,10,27,,,,,,,,,,,,,
32,5,2,43,5,12,8,0,127,7,41,6,47,39,32,2,1,22,3,4,0,0,153,4,0,0,17,47,32,0,0,0,2,0,0,0,0,0,0,0,4,16,,,,,,,,,,,,,
33,23,2,114,2,6,16,0,407,4,155,34,139,109,33,2,0,102,6,4,0,0,377,2,0,0,68,111,33,0,0,0,3,0,0,0,0,0,0,0,31,61,,,,,,,,,,,,,
34,15,146,83,10,17,18,1,242,6,123,41,150,120,34,6,166,92,6,16,0,0,256,8,0,0,56,89,34,0,0,0,7,0,0,0,0,0,0,0,10,44,,,,,,,,,,,,,
35,15,4,75,6,42,29,0,230,13,119,36,147,106,35,12,5,67,8,14,0,0,255,8,0,0,92,176,35,0,0,0,2,0,0,0,0,0,0,0,18,57,,,,,,,,,,,,,
36,0,0,0,0,0,0,0,1,0,0,0,0,0,36,0,0,0,0,0,0,0,0,0,0,0,0,0,36,0,0,0,0,0,0,0,0,0,0,0,0,0,,,,,,,,,,,,,
37,0,0,3,0,0,0,0,10,0,6,0,1,2,37,1,0,1,1,0,0,0,3,1,0,0,1,2,37,0,0,0,0,0,0,0,0,0,0,0,0,0,,,,,,,,,,,,,
38,0,0,0,0,0,0,0,0,0,0,0,0,0,38,0,0,0,0,0,0,0,0,1,0,0,0,0,38,0,0,0,0,0,0,0,0,0,0,0,0,0,,,,,,,,,,,,,
39,0,0,2,0,0,0,0,10,0,9,1,0,1,39,0,0,1,0,0,0,0,3,0,0,0,0,0,39,0,0,0,0,0,0,0,0,0,0,0,0,0,,,,,,,,,,,,,
40,7,0,14,0,8,3,0,80,1,32,4,24,50,40,5,0,18,2,5,0,0,59,1,0,0,44,13,40,0,0,0,0,0,0,0,0,0,0,0,1,0,,,,,,,,,,,,,
41,71,0,142,9,8,58,0,812,10,221,90,196,347,41,26,0,136,7,21,0,0,789,8,0,0,184,105,41,0,0,0,6,0,0,0,0,0,0,0,9,30,,,,,,,,,,,,,
42,24,0,78,2,21,19,0,282,7,110,41,135,216,42,34,0,107,2,16,0,0,293,2,0,0,185,39,42,0,0,0,1,0,0,0,0,0,0,0,0,9,,,,,,,,,,,,,
43,2,2,32,1,6,7,0,171,4,48,7,50,95,43,7,1,50,1,6,0,0,131,1,0,0,67,37,43,0,0,0,2,0,0,0,0,0,0,0,2,6,,,,,,,,,,,,,
44,26,0,118,2,21,25,0,355,14,158,37,128,253,44,25,0,144,2,14,0,0,338,5,0,0,171,56,44,0,0,0,2,0,0,0,0,0,0,0,3,5,,,,,,,,,,,,,
45,45,1,100,1,1,25,0,574,5,148,54,146,295,45,22,0,132,7,25,0,0,551,3,0,0,157,91,45,0,0,0,3,0,0,0,0,0,0,0,1,16,,,,,,,,,,,,,
46,45,0,107,4,6,34,0,496,8,159,54,172,286,46,29,0,127,3,10,0,0,487,6,0,0,166,68,46,0,0,0,6,0,0,0,0,0,0,0,4,8,,,,,,,,,,,,,
47,12,0,51,2,12,10,0,248,4,87,13,81,130,47,30,0,71,1,19,0,0,213,0,0,0,126,35,47,0,0,0,3,0,0,0,0,0,0,0,0,1,,,,,,,,,,,,,
48,9,1,75,4,21,13,0,142,4,83,19,110,82,48,6,2,67,2,20,0,0,152,11,0,0,43,101,48,0,0,0,3,0,0,0,0,0,0,0,14,54,,,,,,,,,,,,,
49,4,37,79,6,32,10,0,201,6,77,27,130,104,49,20,46,79,2,13,0,0,213,7,0,0,74,116,49,0,0,0,2,0,0,0,0,0,0,0,13,52,,,,,,,,,,,,,
50,40,3,80,12,9,34,0,320,0,130,58,136,90,50,12,4,69,5,14,0,0,340,2,0,0,67,143,50,0,0,0,3,0,0,0,0,0,0,0,30,60,,,,,,,,,,,,,
51,7,1,112,6,11,13,0,269,2,95,32,142,78,51,7,5,53,10,25,0,0,324,14,0,0,53,106,51,0,0,0,4,0,0,0,0,0,0,0,41,71,,,,,,,,,,,,,
52,8,60,54,3,3,9,0,143,7,73,17,90,74,52,7,57,53,2,8,0,0,153,1,0,0,48,83,52,0,0,0,3,0,0,0,0,0,0,0,6,27,,,,,,,,,,,,,
53,1,12,3,0,0,0,0,21,4,9,1,8,13,53,0,6,5,0,1,0,0,20,2,0,0,5,4,53,0,0,0,0,0,0,0,0,0,0,0,0,0,,,,,,,,,,,,,
54,0,1,13,0,1,2,0,13,1,11,1,8,7,54,0,0,9,0,2,0,0,12,1,0,0,7,2,54,0,0,0,0,0,0,0,0,0,0,0,1,3,,,,,,,,,,,,,
55,15,87,73,3,12,14,0,179,4,92,32,154,124,55,19,73,102,8,14,0,0,233,2,0,0,77,109,55,0,0,0,4,0,0,0,0,0,0,0,9,45,,,,,,,,,,,,,
56,17,145,50,2,11,19,0,207,6,91,28,114,89,56,9,101,71,3,8,0,0,194,3,0,0,68,106,56,0,0,0,2,0,0,0,0,0,0,0,9,34,,,,,,,,,,,,,
57,18,5,58,6,7,19,0,287,3,103,39,154,116,57,13,4,81,5,14,0,0,325,10,0,0,75,115,57,0,0,0,7,0,0,0,0,0,0,0,17,54,,,,,,,,,,,,,
58,28,0,88,6,7,20,0,186,11,89,48,161,91,58,8,10,77,8,17,0,0,251,15,0,0,46,128,58,0,0,0,3,0,0,0,0,0,0,0,23,67,,,,,,,,,,,,,
59,11,3,90,12,26,27,0,365,6,130,54,174,100,59,14,7,82,3,16,0,0,344,7,0,0,84,137,59,0,0,0,3,0,0,0,0,0,0,0,46,84,,,,,,,,,,,,,
60,16,91,87,3,18,21,0,374,7,110,24,154,87,60,9,84,56,8,15,0,0,378,8,0,0,40,92,60,0,0,0,7,0,0,0,0,0,0,0,12,52,,,,,,,,,,,,,
61,4,13,14,0,0,3,0,31,0,20,5,34,27,61,1,14,21,0,4,0,0,31,0,0,0,22,29,61,0,0,0,0,0,0,0,0,0,0,0,3,8,,,,,,,,,,,,,
62,25,199,92,12,5,20,0,575,8,170,56,187,142,62,9,141,119,6,14,0,0,535,11,0,0,94,173,62,0,0,0,11,0,0,0,0,0,0,0,13,52,,,,,,,,,,,,,
63,14,25,96,6,3,11,0,442,5,98,29,156,110,63,9,43,72,7,10,0,0,421,7,0,0,48,138,63,0,0,0,3,0,0,0,0,0,0,0,16,74,,,,,,,,,,,,,
64,0,0,0,0,0,1,0,1,0,0,0,0,0,64,0,0,1,0,0,0,0,1,0,0,0,0,0,64,0,0,0,0,0,0,0,0,0,0,0,0,0,,,,,,,,,,,,,
65,0,0,0,0,0,0,0,0,0,0,0,0,0,65,0,0,0,0,0,0,0,0,0,0,0,0,0,65,0,0,0,0,0,0,0,0,0,0,0,0,0,,,,,,,,,,,,,
66,0,0,3,0,0,0,0,31,0,25,0,0,0,66,0,0,0,0,0,0,0,1,2,0,0,0,0,66,0,0,0,0,0,0,0,0,0,0,0,0,0,,,,,,,,,,,,,
67,0,0,2,0,0,0,0,6,0,7,0,1,2,67,0,1,0,0,0,0,0,1,0,0,0,0,1,67,0,0,0,0,0,0,0,0,0,0,0,0,0,,,,,,,,,,,,,
68,0,0,1,0,0,0,0,1,0,2,0,0,0,68,0,0,0,0,0,0,0,0,0,0,0,0,0,68,0,0,0,0,0,0,0,0,0,0,0,0,0,,,,,,,,,,,,,
69,7,0,38,0,10,9,0,104,2,53,16,42,66,69,12,0,30,0,8,0,0,132,1,0,0,43,13,69,0,0,0,1,0,0,0,0,0,0,0,0,2,,,,,,,,,,,,,
70,28,0,89,1,16,25,0,383,6,146,41,131,202,70,15,0,108,3,8,0,0,353,2,0,0,121,41,70,0,0,0,3,0,0,0,0,0,0,0,2,8,,,,,,,,,,,,,
71,10,0,43,0,11,4,0,143,1,56,6,45,78,71,21,0,49,0,9,0,0,111,1,0,0,67,17,71,0,0,0,1,0,0,0,0,0,0,0,1,0,,,,,,,,,,,,,
72,37,0,90,1,7,24,0,403,8,148,39,150,220,72,35,0,122,3,23,0,0,366,4,0,0,142,58,72,0,0,0,3,0,0,0,0,0,0,0,1,16,,,,,,,,,,,,,
73,46,0,115,4,18,29,0,585,10,202,43,183,349,73,51,0,141,3,10,0,0,556,4,0,0,173,52,73,0,0,0,4,0,0,0,0,0,0,0,1,9,,,,,,,,,,,,,
74,5,0,17,0,8,4,0,84,1,36,8,31,41,74,11,0,21,1,10,0,0,62,0,0,0,36,11,74,0,0,0,0,0,0,0,0,0,0,0,0,2,,,,,,,,,,,,,
75,62,0,89,4,22,44,0,558,7,139,67,155,260,75,36,0,101,9,18,0,0,627,4,0,0,144,72,75,0,0,0,7,0,0,0,0,0,0,0,3,11,,,,,,,,,,,,,
76,34,0,114,1,10,27,0,530,5,156,46,113,210,76,11,0,122,6,13,0,0,495,2,0,0,125,53,76,0,0,0,6,0,0,0,0,0,0,0,7,14,,,,,,,,,,,,,
77,17,0,21,2,3,3,0,107,1,40,10,35,64,77,5,1,23,0,6,0,0,107,2,0,0,33,15,77,0,0,0,1,0,0,0,0,0,0,0,0,0,,,,,,,,,,,,,
78,18,0,54,2,8,8,0,247,3,100,14,77,126,78,27,0,83,0,16,0,0,199,3,0,0,97,17,78,0,0,0,3,0,0,0,0,0,0,0,0,4,,,,,,,,,,,,,
79,5,77,29,0,28,5,0,103,2,57,19,64,47,79,12,75,35,3,9,0,0,81,2,0,0,48,55,79,0,0,0,1,0,0,0,0,0,0,0,5,23,,,,,,,,,,,,,
80,2,7,2,0,2,0,0,6,3,3,2,6,7,80,1,5,5,0,1,0,0,10,0,0,0,5,4,80,0,0,0,0,0,0,0,0,0,0,0,1,0,,,,,,,,,,,,,
81,8,0,47,3,14,14,0,116,3,67,23,116,87,81,8,3,45,1,10,0,0,145,6,0,0,55,97,81,0,0,0,1,0,0,0,0,0,0,0,7,52,,,,,,,,,,,,,
82,15,286,132,6,21,15,0,369,6,156,50,229,178,82,20,239,142,4,14,0,0,370,8,0,0,129,166,82,0,0,0,4,0,0,0,0,0,0,0,14,77,,,,,,,,,,,,,
83,19,20,94,13,11,29,0,457,7,141,52,144,129,83,12,14,87,9,20,0,0,484,4,0,0,71,142,83,0,0,0,2,0,0,0,0,0,0,0,20,54,,,,,,,,,,,,,
84,3,11,5,0,0,0,0,47,0,5,1,7,5,84,0,6,8,0,0,0,0,42,0,0,0,3,6,84,0,0,0,1,0,0,0,0,0,0,0,0,3,,,,,,,,,,,,,
85,26,3,110,9,12,21,0,345,3,147,64,205,164,85,13,3,121,7,13,0,0,367,8,0,0,84,133,85,0,0,0,3,0,0,0,0,0,0,0,17,85,,,,,,,,,,,,,
86,0,0,1,0,0,0,0,0,0,0,0,0,0,86,0,0,0,0,0,0,0,1,0,0,0,2,2,86,0,0,0,0,0,0,0,0,0,0,0,0,0,,,,,,,,,,,,,
87,12,1,90,2,21,23,0,173,11,71,33,134,88,87,7,2,60,4,19,0,0,219,3,0,0,62,93,87,0,0,0,1,0,0,0,0,0,0,0,14,65,,,,,,,,,,,,,
88,16,0,83,5,1,12,0,330,1,90,43,135,103,88,14,1,76,6,4,0,0,341,7,0,0,77,140,88,0,0,0,7,0,0,0,0,0,0,0,9,50,,,,,,,,,,,,,
89,8,3,31,2,8,10,0,86,4,45,12,52,36,89,8,2,27,1,1,0,0,101,4,0,0,26,56,89,0,0,0,0,0,0,0,0,0,0,0,5,20,,,,,,,,,,,,,
90,0,2,2,0,0,0,0,3,0,1,1,1,3,90,0,7,2,0,0,0,0,4,0,0,0,3,3,90,0,0,0,0,0,0,0,0,0,0,0,1,1,,,,,,,,,,,,,
91,13,132,104,8,20,13,0,210,5,129,46,168,125,91,15,148,129,3,20,0,0,203,12,0,0,60,105,91,0,0,0,2,0,0,0,0,0,0,0,13,49,,,,,,,,,,,,,
92,14,68,67,4,5,16,0,324,8,115,43,111,80,92,7,68,79,4,7,0,0,319,3,0,0,54,119,92,0,0,0,2,0,0,0,0,0,0,0,11,40,,,,,,,,,,,,,
93,0,7,7,0,0,1,0,26,1,14,2,9,9,93,1,8,13,0,0,0,0,18,0,0,0,6,7,93,0,0,0,0,0,0,0,0,0,0,0,1,5,,,,,,,,,,,,,
94,7,66,64,2,27,16,0,210,2,92,31,124,118,94,4,64,77,5,13,0,0,232,4,0,0,92,111,94,0,0,0,0,0,0,0,0,0,0,0,13,52,,,,,,,,,,,,,
95,6,1,62,0,11,6,0,96,5,53,20,92,75,95,15,2,48,2,6,0,0,152,4,0,0,42,80,95,0,0,0,2,0,0,0,0,0,0,0,7,27,,,,,,,,,,,,,
96,5,1,48,5,34,7,0,117,7,69,20,97,67,96,11,1,54,2,16,0,0,138,3,0,0,70,108,96,0,0,0,0,0,0,0,0,0,0,0,6,35,,,,,,,,,,,,,
97,13,0,136,7,5,29,0,519,3,178,50,187,164,97,9,2,101,3,19,0,0,519,6,0,0,70,123,97,0,0,0,4,0,0,0,0,0,0,0,20,84,,,,,,,,,,,,,
98,9,154,92,5,10,13,0,369,7,115,36,129,92,98,13,181,98,5,20,0,0,341,10,0,0,99,128,98,0,0,0,10,0,0,0,0,0,0,0,22,59,,,,,,,,,,,,,
99,6,0,4,2,0,3,0,34,2,11,8,12,14,99,0,0,14,0,2,0,0,28,3,0,0,8,8,99,0,0,0,0,0,0,0,0,0,0,0,2,4,,,,,,,,,,,,,
100,3,2,14,0,1,2,0,50,0,23,6,27,22,100,3,0,19,0,3,0,0,47,0,0,0,23,18,100,0,0,0,2,0,0,0,0,0,0,0,2,13,,,,,,,,,,,,,
101,0,0,1,0,0,1,0,14,0,6,0,0,0,101,0,0,0,0,0,0,0,2,0,0,0,0,0,101,0,0,0,0,0,0,0,0,0,0,0,0,0,,,,,,,,,,,,,
102,1,0,1,0,0,0,0,3,0,1,0,0,0,102,0,0,0,0,0,0,0,2,0,0,0,1,0,102,0,0,0,0,0,0,0,0,0,0,0,0,0,,,,,,,,,,,,,
103,0,0,0,0,0,0,0,2,0,2,0,0,1,103,1,0,1,0,0,0,0,0,0,0,0,0,1,103,0,0,0,0,0,0,0,0,0,0,0,0,1,,,,,,,,,,,,,
104,0,0,0,0,0,0,0,0,0,1,0,0,0,104,0,0,0,0,0,0,0,0,0,0,0,0,0,104,0,0,0,0,0,0,0,0,0,0,0,0,0,,,,,,,,,,,,,
105,0,0,1,0,0,0,0,9,2,3,0,1,2,105,0,0,0,0,0,0,0,2,6,0,0,0,0,105,0,0,0,0,0,0,0,0,0,0,0,0,0,,,,,,,,,,,,,
106,31,0,75,0,34,21,0,375,12,135,34,158,218,106,48,0,132,4,29,0,0,380,8,0,0,174,51,106,0,0,0,2,0,0,0,0,0,0,0,3,9,,,,,,,,,,,,,
107,12,0,32,0,8,14,0,183,11,72,15,68,91,107,21,0,57,1,15,0,0,159,2,0,0,76,18,107,0,0,0,1,0,0,0,0,0,0,0,0,3,,,,,,,,,,,,,
108,0,0,0,0,0,0,0,0,0,0,0,0,1,108,0,0,0,0,1,0,0,1,0,0,0,0,0,108,0,0,0,0,0,0,0,0,0,0,0,0,0,,,,,,,,,,,,,
109,6,0,27,1,1,6,0,122,0,31,17,21,40,109,7,0,29,1,5,0,0,124,0,0,0,35,3,109,0,0,0,4,0,0,0,0,0,0,0,1,1,,,,,,,,,,,,,
110,17,0,76,0,7,14,0,371,4,107,24,102,176,110,27,0,75,2,14,0,0,352,1,0,0,131,49,110,0,0,0,3,0,0,0,0,0,0,0,4,9,,,,,,,,,,,,,
111,16,0,107,0,6,28,0,580,9,159,37,119,233,111,23,0,117,2,14,0,0,481,4,0,0,160,62,111,0,0,0,5,0,0,0,0,0,0,0,3,5,,,,,,,,,,,,,
112,9,0,19,0,3,3,0,72,1,37,11,47,49,112,8,0,28,0,9,0,0,82,0,0,0,47,17,112,0,0,0,0,0,0,0,0,0,0,0,0,1,,,,,,,,,,,,,
113,19,0,64,3,12,17,0,159,8,78,25,112,155,113,25,1,79,3,11,0,0,190,8,0,0,99,33,113,0,0,0,0,0,0,0,0,0,0,0,0,5,,,,,,,,,,,,,
114,2,0,29,0,7,2,0,86,2,40,10,38,45,114,12,0,28,1,1,0,0,67,1,0,0,46,20,114,0,0,0,1,0,0,0,0,0,0,0,0,0,,,,,,,,,,,,,
115,28,0,68,3,7,24,0,320,1,79,38,100,124,115,14,0,67,4,8,0,0,342,0,0,0,103,64,115,0,0,0,3,0,0,0,0,0,0,0,7,15,,,,,,,,,,,,,
116,43,0,120,2,7,47,0,736,4,215,54,170,360,116,28,0,164,10,4,0,0,588,4,0,0,198,77,116,0,0,0,8,0,0,0,0,0,0,0,6,17,,,,,,,,,,,,,
117,7,5,90,11,40,22,0,204,7,114,33,108,86,117,20,3,72,5,13,0,0,233,4,0,0,77,118,117,0,0,0,1,0,0,0,0,0,0,0,21,44,,,,,,,,,,,,,
118,1,0,1,0,0,0,0,4,0,2,0,2,1,118,0,1,0,0,2,0,0,4,0,0,0,0,3,118,0,0,0,0,0,0,0,0,0,0,0,0,1,,,,,,,,,,,,,
119,0,0,0,0,0,0,0,0,0,0,0,0,0,119,0,0,0,0,0,0,0,0,0,0,0,0,0,119,0,0,0,0,0,0,0,0,0,0,0,0,0,,,,,,,,,,,,,
120,18,2,79,4,10,18,0,285,7,94,44,121,100,120,1,2,57,5,3,0,0,327,9,0,0,63,125,120,0,0,0,2,0,0,0,0,0,0,0,17,59,,,,,,,,,,,,,
121,12,50,79,8,15,8,0,383,7,124,35,158,121,121,28,49,83,2,12,0,0,380,7,0,0,107,150,121,0,0,0,0,0,0,0,0,0,0,0,17,56,,,,,,,,,,,,,
122,1,12,17,1,4,3,0,33,2,17,8,25,22,122,1,19,19,0,2,0,0,39,1,0,0,29,25,122,0,0,0,0,0,0,0,0,0,0,0,5,14,,,,,,,,,,,,,
123,9,2,116,4,5,7,0,367,6,94,20,171,138,123,3,4,67,6,17,0,0,379,9,0,0,60,100,123,0,0,0,2,0,0,0,0,0,0,0,19,63,,,,,,,,,,,,,
124,7,183,55,4,36,12,0,197,8,102,26,135,132,124,35,200,92,2,16,0,0,206,7,0,0,85,155,124,0,0,0,0,0,0,0,0,0,0,0,7,49,,,,,,,,,,,,,
125,7,6,60,0,27,14,0,154,10,95,25,138,111,125,32,15,58,0,22,0,0,204,3,0,0,107,127,125,0,0,0,1,0,0,0,0,0,0,0,6,44,,,,,,,,,,,,,
126,1,0,68,4,26,9,0,127,7,70,9,95,66,126,9,0,32,2,10,0,0,155,6,0,0,51,60,126,0,0,0,0,0,0,0,0,0,0,0,6,39,,,,,,,,,,,,,
127,2,6,44,1,12,7,0,136,8,77,16,97,70,127,12,7,56,3,20,0,0,139,6,0,0,53,84,127,0,0,0,1,0,0,0,0,0,0,0,4,32,,,,,,,,,,,,,
128,8,123,64,3,39,6,0,170,13,112,34,120,84,128,17,129,81,3,23,0,0,159,22,0,0,76,132,128,0,0,0,3,0,0,0,0,0,0,0,6,49,,,,,,,,,,,,,
129,9,253,97,13,23,16,0,347,4,140,52,182,132,129,15,214,94,4,20,0,0,379,10,0,0,98,155,129,0,0,0,8,0,0,0,0,0,0,0,15,67,,,,,,,,,,,,,
130,1,1,26,1,4,3,0,38,0,23,10,23,20,130,0,1,15,0,3,0,0,53,1,0,0,14,40,130,0,0,0,1,0,0,0,0,0,0,0,2,10,,,,,,,,,,,,,
131,15,12,91,4,14,17,0,296,3,107,36,161,99,131,4,13,66,6,18,0,0,279,2,0,0,63,122,131,0,0,0,4,0,0,0,0,0,0,0,24,73,,,,,,,,,,,,,
132,1,7,0,0,0,0,0,10,0,5,1,4,5,132,1,12,2,0,1,0,0,6,1,0,0,2,2,132,0,0,0,0,0,0,0,0,0,0,0,0,3,,,,,,,,,,,,,
133,12,92,72,6,4,20,0,183,12,63,38,95,59,133,9,61,46,2,12,0,0,224,11,0,0,40,76,133,0,0,0,4,0,0,0,0,0,0,0,15,33,,,,,,,,,,,,,
134,7,1,51,2,4,8,0,147,2,49,20,68,52,134,4,2,49,1,14,0,0,151,0,0,0,27,49,134,0,0,0,1,0,0,0,0,0,0,0,10,23,,,,,,,,,,,,,
135,12,34,34,6,5,9,0,154,1,39,25,61,41,135,4,33,32,2,9,0,0,178,3,0,0,17,39,135,0,0,0,2,0,0,0,0,0,0,0,11,25,,,,,,,,,,,,,
136,0,0,0,0,0,0,0,11,0,3,0,0,0,136,0,0,0,0,0,0,0,1,2,0,0,0,0,136,0,0,0,0,0,0,0,0,0,0,0,0,0,,,,,,,,,,,,,
137,0,0,1,0,0,0,0,6,0,6,0,0,1,137,0,0,0,0,0,0,0,1,0,0,0,1,0,137,0,0,0,0,0,0,0,0,0,0,0,0,0,,,,,,,,,,,,,
138,0,0,2,0,0,0,0,6,0,1,0,0,0,138,0,0,0,0,0,0,0,0,1,0,0,0,0,138,0,0,0,0,0,0,0,0,0,0,0,0,0,,,,,,,,,,,,,
139,28,0,69,1,5,18,0,319,11,87,34,82,151,139,17,0,73,2,8,0,0,336,4,0,0,123,52,139,0,0,0,2,0,0,0,0,0,0,0,1,10,,,,,,,,,,,,,
140,20,0,70,3,14,12,0,298,5,110,17,90,140,140,18,1,78,2,26,0,0,263,6,0,0,111,41,140,0,0,0,2,0,0,0,0,0,0,0,2,7,,,,,,,,,,,,,
141,39,0,100,5,5,19,0,949,8,166,31,115,233,141,28,0,106,9,18,0,0,770,0,0,0,188,99,141,0,0,0,8,0,0,0,0,0,0,0,1,25,,,,,,,,,,,,,
142,12,0,66,1,54,9,0,397,8,118,15,104,180,142,33,0,71,2,24,0,0,344,5,0,0,188,70,142,0,0,0,2,0,0,0,0,0,0,0,1,7,,,,,,,,,,,,,
143,8,0,36,0,6,0,0,129,7,55,9,53,102,143,17,0,32,0,11,0,0,109,1,0,0,61,18,143,0,0,0,0,0,0,0,0,0,0,0,1,0,,,,,,,,,,,,,
144,20,1,98,1,23,15,0,515,21,159,25,113,238,144,33,0,104,2,17,0,0,400,13,0,0,225,90,144,0,0,0,3,0,0,0,0,0,0,0,0,4,,,,,,,,,,,,,
145,32,0,101,2,8,28,0,595,7,132,32,133,223,145,33,1,91,3,12,0,0,549,8,0,0,143,65,145,0,0,0,7,0,0,0,0,0,0,0,5,16,,,,,,,,,,,,,
146,0,0,1,0,0,0,0,0,0,0,0,0,0,146,0,0,0,0,0,0,0,0,0,0,0,0,1,146,0,0,0,0,0,0,0,0,0,0,0,0,0,,,,,,,,,,,,,
147,1,0,9,0,0,1,0,30,0,5,0,8,13,147,1,0,6,1,3,0,0,27,0,0,0,10,3,147,0,0,0,1,0,0,0,0,0,0,0,0,2,,,,,,,,,,,,,
148,12,0,113,1,12,12,0,417,10,118,16,106,200,148,23,0,100,4,30,0,0,409,4,0,0,175,82,148,0,0,0,4,0,0,0,0,0,0,0,2,12,,,,,,,,,,,,,
149,1,0,11,0,2,3,0,51,2,16,2,1,14,149,3,0,7,0,4,0,0,40,1,0,0,15,6,149,0,0,0,1,0,0,0,0,0,0,0,0,0,,,,,,,,,,,,,
150,9,1,33,1,6,7,0,102,1,28,15,44,43,150,1,1,25,2,8,0,0,131,2,0,0,20,43,150,0,0,0,0,0,0,0,0,0,0,0,4,23,,,,,,,,,,,,,
151,57,6,147,9,8,53,0,888,14,193,80,235,241,151,14,7,102,14,9,0,0,968,12,0,0,100,167,151,0,0,0,4,0,0,0,0,0,0,0,26,105,,,,,,,,,,,,,
152,10,3,60,0,5,12,0,181,4,63,16,128,130,152,10,2,60,4,11,0,0,208,0,0,0,63,79,152,0,0,0,1,0,0,0,0,0,0,0,2,37,,,,,,,,,,,,,
153,20,191,135,9,4,22,0,639,4,157,35,233,151,153,17,173,80,11,25,0,0,646,5,0,0,93,173,153,0,0,0,7,0,0,0,0,0,0,0,16,91,,,,,,,,,,,,,
154,14,6,132,9,9,29,0,433,5,148,50,193,148,154,7,9,94,9,15,0,0,488,6,0,0,63,144,154,0,0,0,6,0,0,0,0,0,0,0,22,77,,,,,,,,,,,,,
155,13,1,65,7,9,9,0,221,4,79,28,86,69,155,3,0,41,2,7,0,0,242,4,0,0,39,75,155,0,0,0,2,0,0,0,0,0,0,0,8,43,,,,,,,,,,,,,
156,0,0,1,0,0,1,0,1,0,1,0,0,0,156,0,1,0,0,0,0,0,1,0,0,0,0,0,156,0,0,0,0,0,0,0,0,0,0,0,0,0,,,,,,,,,,,,,
157,9,192,120,3,20,10,0,312,13,127,43,152,126,157,16,198,113,3,9,0,0,322,8,0,0,91,140,157,0,0,0,4,0,0,0,0,0,0,0,10,39,,,,,,,,,,,,,
158,4,0,69,4,26,15,0,243,17,111,27,162,139,158,15,1,72,2,15,0,0,264,16,0,0,72,133,158,0,0,0,5,0,0,0,0,0,0,0,15,61,,,,,,,,,,,,,
159,2,0,17,0,1,2,0,52,0,23,5,29,21,159,2,0,14,2,2,0,0,60,3,0,0,9,31,159,0,0,0,1,0,0,0,0,0,0,0,2,11,,,,,,,,,,,,,
160,11,2,79,6,14,7,0,248,14,102,39,128,90,160,8,4,61,10,12,0,0,275,8,0,0,59,129,160,0,0,0,2,0,0,0,0,0,0,0,9,52,,,,,,,,,,,,,
161,10,23,79,7,6,17,0,221,6,107,36,122,108,161,13,27,54,1,14,0,0,276,6,0,0,34,79,161,0,0,0,2,0,0,0,0,0,0,0,5,48,,,,,,,,,,,,,
162,15,127,79,6,23,14,0,228,6,101,18,101,110,162,23,174,96,1,8,0,0,242,4,0,0,65,118,162,0,0,0,3,0,0,0,0,0,0,0,7,34,,,,,,,,,,,,,
163,9,229,105,6,20,12,0,528,8,125,19,158,123,163,24,165,95,4,19,0,0,466,13,0,0,90,151,163,0,0,0,7,0,0,0,0,0,0,0,23,66,,,,,,,,,,,,,
164,42,1,101,12,3,26,0,304,1,95,54,182,133,164,9,1,76,6,17,0,0,416,8,0,0,47,131,164,0,0,0,3,0,0,0,0,0,0,0,14,79,,,,,,,,,,,,,
165,26,3,76,10,5,18,0,440,4,106,39,101,78,165,1,0,52,2,6,0,0,468,3,0,0,44,109,165,0,0,0,5,0,0,0,0,0,0,0,23,49,,,,,,,,,,,,,
166,15,13,97,6,23,16,0,332,8,137,45,186,139,166,22,19,98,5,37,0,0,374,12,0,0,100,142,166,0,0,0,1,0,0,0,0,0,0,0,13,52,,,,,,,,,,,,,
167,0,1,4,0,0,0,0,13,1,10,0,1,2,167,0,0,2,0,0,0,0,2,0,0,0,0,0,167,0,0,0,1,0,0,0,0,0,0,0,0,0,,,,,,,,,,,,,
168,0,0,0,0,0,0,0,3,0,3,0,0,0,168,0,0,0,0,0,0,0,0,0,0,0,0,0,168,0,0,0,0,0,0,0,0,0,0,0,0,0,,,,,,,,,,,,,
169,0,0,3,0,0,0,0,20,1,23,0,0,3,169,0,0,2,0,0,0,0,5,0,0,0,0,1,169,0,0,0,0,0,0,0,0,0,0,0,0,0,,,,,,,,,,,,,
170,15,1,71,4,24,30,0,347,10,114,37,130,123,170,17,1,77,6,21,0,0,354,8,0,0,82,99,170,0,0,0,3,0,0,0,0,0,0,0,8,36,,,,,,,,,,,,,
171,19,1,74,1,31,11,0,326,11,118,18,116,176,171,46,2,98,4,20,0,0,295,8,0,0,172,58,171,0,0,0,0,0,0,0,0,0,0,0,1,7,,,,,,,,,,,,,
172,0,0,0,0,0,0,0,0,0,0,0,0,0,172,0,0,0,0,0,0,0,0,0,0,0,0,0,172,0,0,0,0,0,0,0,0,0,0,0,0,0,,,,,,,,,,,,,
173,52,0,121,1,31,30,0,393,12,168,36,140,225,173,44,0,136,1,32,0,0,379,6,0,0,167,65,173,0,0,0,1,0,0,0,0,0,0,0,1,1,,,,,,,,,,,,,
174,13,0,27,1,4,12,0,177,1,57,16,41,87,174,14,0,40,1,2,0,0,176,1,0,0,36,24,174,0,0,0,4,0,0,0,0,0,0,0,0,2,,,,,,,,,,,,,
175,23,0,43,2,15,13,0,263,1,70,17,38,109,175,19,0,52,1,10,0,0,258,3,0,0,86,39,175,0,0,0,0,0,0,0,0,0,0,0,1,5,,,,,,,,,,,,,
176,18,0,76,0,22,20,0,353,4,113,33,89,164,176,17,0,107,0,17,0,0,316,3,0,0,89,55,176,0,0,0,1,0,0,0,0,0,0,0,1,2,,,,,,,,,,,,,
177,2,0,15,1,5,3,0,54,2,18,4,25,25,177,5,0,13,0,4,0,0,52,1,0,0,22,2,177,0,0,0,1,0,0,0,0,0,0,0,0,0,,,,,,,,,,,,,
178,22,1,50,1,14,18,0,417,0,129,37,98,173,178,24,1,90,6,10,0,0,357,4,0,0,108,40,178,0,0,0,3,0,0,0,0,0,0,0,2,5,,,,,,,,,,,,,
179,11,0,39,0,4,5,0,236,1,66,8,35,89,179,7,0,48,0,9,0,0,175,2,0,0,54,27,179,0,0,0,1,0,0,0,0,0,0,0,1,2,,,,,,,,,,,,,
180,19,0,89,5,11,23,0,554,9,181,40,163,255,180,42,0,141,2,16,0,0,485,3,0,0,114,60,180,0,0,0,4,0,0,0,0,0,0,0,0,10,,,,,,,,,,,,,
181,8,0,15,0,15,4,0,104,3,41,6,32,50,181,21,0,26,0,11,0,0,93,3,0,0,33,12,181,0,0,0,1,0,0,0,0,0,0,0,0,2,,,,,,,,,,,,,
182,5,143,94,5,5,6,0,373,7,132,22,164,127,182,15,153,102,5,18,0,0,347,6,0,0,96,135,182,0,0,0,4,0,0,0,0,0,0,0,14,57,,,,,,,,,,,,,
183,3,76,47,2,1,6,0,79,2,34,12,51,44,183,8,66,40,0,3,0,0,95,2,0,0,28,45,183,0,0,0,1,0,0,0,0,0,0,0,3,12,,,,,,,,,,,,,
184,13,1,71,4,10,18,0,206,7,98,28,114,89,184,2,5,48,3,12,0,0,227,4,0,0,37,79,184,0,0,0,1,0,0,0,0,0,0,0,11,42,,,,,,,,,,,,,
185,3,1,15,0,2,3,0,49,1,19,4,22,17,185,1,0,11,1,3,0,0,48,0,0,0,4,21,185,0,0,0,0,0,0,0,0,0,0,0,4,11,,,,,,,,,,,,,
186,2,0,11,0,3,1,0,26,1,15,4,19,15,186,0,0,9,1,2,0,0,29,0,0,0,7,14,186,0,0,0,0,0,0,0,0,0,0,0,0,8,,,,,,,,,,,,,
187,14,2,99,5,4,32,0,213,3,112,69,182,124,187,7,2,85,1,25,0,0,267,7,0,0,73,121,187,0,0,0,3,0,0,0,0,0,0,0,20,63,,,,,,,,,,,,,
188,11,10,85,4,7,12,0,356,4,112,27,115,104,188,5,12,72,2,20,0,0,365,4,0,0,44,137,188,0,0,0,5,0,0,0,0,0,0,0,13,51,,,,,,,,,,,,,
189,9,7,51,3,20,15,0,165,2,59,22,79,60,189,3,2,33,4,9,0,0,192,3,0,0,30,46,189,0,0,0,1,0,0,0,0,0,0,0,6,37,,,,,,,,,,,,,
190,0,0,1,0,1,0,0,4,0,0,0,0,0,190,1,0,0,0,0,0,0,3,0,0,0,4,0,190,0,0,0,0,0,0,0,0,0,0,0,0,0,,,,,,,,,,,,,
191,14,0,85,3,16,12,0,206,11,107,27,129,121,191,9,2,72,3,15,0,0,240,7,0,0,75,101,191,0,0,0,2,0,0,0,0,0,0,0,15,54,,,,,,,,,,,,,
192,17,0,106,3,13,23,0,230,7,95,43,161,118,192,8,1,78,2,18,0,0,321,5,0,0,58,112,192,0,0,0,2,0,0,0,0,0,0,0,17,62,,,,,,,,,,,,,
193,7,60,37,1,3,7,0,108,4,62,15,62,70,193,11,57,36,1,3,0,0,114,3,0,0,54,63,193,0,0,0,1,0,0,0,0,0,0,0,1,16,,,,,,,,,,,,,
194,3,35,17,0,4,4,0,43,2,17,11,21,16,194,2,31,14,2,2,0,0,58,2,0,0,15,20,194,0,0,0,0,0,0,0,0,0,0,0,2,10,,,,,,,,,,,,,
195,0,1,3,0,0,0,0,8,0,4,0,1,1,195,0,3,2,0,0,0,0,5,0,0,0,1,2,195,0,0,0,0,0,0,0,0,0,0,0,0,1,,,,,,,,,,,,,
196,4,39,21,2,9,5,0,87,1,28,11,28,34,196,3,57,35,1,5,0,0,87,3,0,0,42,56,196,0,0,0,0,0,0,0,0,0,0,0,5,14,,,,,,,,,,,,,
197,6,8,22,1,3,2,0,65,3,13,5,38,19,197,1,19,13,1,1,0,0,73,2,0,0,5,16,197,0,0,0,0,0,0,0,0,0,0,0,0,14,,,,,,,,,,,,,
198,14,45,34,2,8,11,0,124,2,42,21,62,47,198,4,63,42,1,6,0,0,119,2,0,0,30,48,198,0,0,0,0,0,0,0,0,0,0,0,3,27,,,,,,,,,,,,,
199,1,13,15,0,0,4,0,35,0,13,3,19,15,199,1,12,14,0,4,0,0,41,1,0,0,9,14,199,0,0,0,0,0,0,0,0,0,0,0,4,8,,,,,,,,,,,,,
200,9,26,55,5,10,13,0,137,3,69,29,92,58,200,7,24,39,2,13,0,0,162,1,0,0,24,74,200,0,0,0,1,0,0,0,0,0,0,0,9,37,,,,,,,,,,,,,
201,4,1,42,1,9,12,0,118,4,53,16,84,48,201,9,11,33,2,17,0,0,147,4,0,0,29,65,201,0,0,0,1,0,0,0,0,0,0,0,5,38,,,,,,,,,,,,,
202,9,76,62,3,2,11,0,186,4,62,7,65,71,202,5,95,58,1,3,0,0,173,2,0,0,38,57,202,0,0,0,2,0,0,0,0,0,0,0,8,14,,,,,,,,,,,,,
203,6,11,18,1,0,4,0,90,1,31,14,42,25,203,2,13,23,0,2,0,0,85,2,0,0,19,30,203,0,0,0,1,0,0,0,0,0,0,0,5,18,,,,,,,,,,,,,
204,0,0,11,0,5,3,0,23,0,13,7,11,10,204,1,0,11,0,2,0,0,28,0,0,0,7,8,204,0,0,0,0,0,0,0,0,0,0,0,1,5,,,,,,,,,,,,,
205,4,86,29,2,7,12,0,114,3,55,19,59,34,205,5,83,43,1,8,0,0,106,3,0,0,37,56,205,0,0,0,2,0,0,0,0,0,0,0,7,27,,,,,,,,,,,,,
206,7,3,36,2,12,12,0,108,7,35,20,60,44,206,13,8,28,5,11,0,0,134,4,0,0,30,50,206,0,0,0,1,0,0,0,0,0,0,0,14,27,,,,,,,,,,,,,
207,0,0,2,0,0,0,0,2,0,3,0,0,1,207,0,0,0,0,0,0,0,0,0,0,0,0,0,207,0,0,0,1,0,0,0,0,0,0,0,0,0,,,,,,,,,,,,,
208,0,0,2,0,0,0,0,7,1,6,0,0,0,208,0,1,2,0,0,0,0,1,1,0,0,0,1,208,0,0,0,0,0,0,0,0,0,0,0,0,0,,,,,,,,,,,,,
209,0,0,0,0,0,0,0,0,0,0,0,0,0,209,0,1,0,0,0,0,0,0,0,0,0,0,0,209,0,0,0,0,0,0,0,0,0,0,0,0,0,,,,,,,,,,,,,
210,0,0,0,0,0,0,0,0,0,0,0,0,0,210,0,0,0,0,0,0,0,0,0,0,0,0,0,210,0,0,0,0,0,0,0,0,0,0,0,0,0,,,,,,,,,,,,,
211,0,0,0,0,0,0,0,0,0,0,0,0,1,211,0,0,0,0,0,0,0,0,0,0,0,0,0,211,0,0,0,0,0,0,0,0,0,0,0,0,0,,,,,,,,,,,,,
212,0,0,3,0,0,2,0,28,1,6,0,2,6,212,1,0,9,0,1,0,0,15,0,0,0,2,1,212,0,0,0,1,0,0,0,0,0,0,0,0,0,,,,,,,,,,,,,
213,30,1,121,4,7,19,0,671,11,133,43,158,296,213,46,0,129,9,26,0,0,586,8,0,0,173,56,213,0,0,0,4,0,0,0,0,0,0,0,3,14,,,,,,,,,,,,,
214,38,0,89,1,10,31,0,553,5,105,40,138,231,214,21,0,124,2,13,0,0,527,0,0,0,189,83,214,0,0,0,1,0,0,0,0,0,0,0,3,10,,,,,,,,,,,,,
215,1,0,3,0,1,0,0,11,1,4,0,4,3,215,0,0,5,0,1,0,0,10,0,0,0,3,1,215,0,0,0,1,0,0,0,0,0,0,0,0,0,,,,,,,,,,,,,
216,47,0,129,1,31,46,0,525,5,162,74,151,261,216,45,0,154,4,19,0,0,521,4,0,0,198,89,216,0,0,0,7,0,0,0,0,0,0,0,2,16,,,,,,,,,,,,,
217,8,0,19,0,20,10,0,117,5,31,9,38,91,217,7,0,32,0,8,0,0,128,1,0,0,60,22,217,0,0,0,1,0,0,0,0,0,0,0,1,8,,,,,,,,,,,,,
218,40,1,67,1,21,22,0,555,8,119,52,132,227,218,26,0,104,2,29,0,0,493,8,0,0,126,42,218,0,0,0,3,0,0,0,0,0,0,0,1,10,,,,,,,,,,,,,
219,4,0,9,0,9,5,0,56,4,19,5,12,21,219,9,0,14,0,1,0,0,42,3,0,0,16,5,219,0,0,0,0,0,0,0,0,0,0,0,0,1,,,,,,,,,,,,,
220,5,0,22,0,4,2,0,62,4,23,6,28,41,220,2,0,16,1,7,0,0,52,1,0,0,18,8,220,0,0,0,1,0,0,0,0,0,0,0,2,10,,,,,,,,,,,,,
221,31,0,60,0,20,24,0,335,4,78,45,70,151,221,26,0,76,3,13,0,0,352,6,0,0,125,50,221,0,0,0,1,0,0,0,0,0,0,0,3,9,,,,,,,,,,,,,
222,9,0,76,3,47,10,0,367,10,95,27,98,172,222,39,0,81,2,40,0,0,320,6,0,0,143,69,222,0,0,0,2,0,0,0,0,0,0,0,3,10,,,,,,,,,,,,,
223,0,0,5,0,5,1,0,10,1,6,1,12,11,223,0,0,5,1,2,0,0,17,1,0,0,3,7,223,0,0,0,0,0,0,0,0,0,0,0,0,4,,,,,,,,,,,,,
224,9,5,94,8,43,14,0,213,10,115,36,169,148,224,6,9,65,0,20,0,0,278,6,0,0,61,91,224,0,0,0,0,0,0,0,0,0,0,0,11,69,,,,,,,,,,,,,
225,4,3,10,1,2,1,0,41,0,13,0,19,11,225,0,3,15,0,2,0,0,32,1,0,0,8,13,225,0,0,0,0,0,0,0,0,0,0,0,5,11,,,,,,,,,,,,,
226,13,1,82,7,34,11,0,171,5,94,30,125,110,226,18,5,67,3,18,0,0,190,6,0,0,69,142,226,0,0,0,2,0,0,0,0,0,0,0,14,51,,,,,,,,,,,,,
227,2,0,15,0,0,3,0,44,0,16,2,29,27,227,2,0,21,1,3,0,0,40,0,0,0,17,27,227,0,0,0,1,0,0,0,0,0,0,0,4,11,,,,,,,,,,,,,
228,7,116,59,3,7,12,0,132,5,65,14,94,85,228,18,129,76,2,10,0,0,121,3,0,0,72,92,228,0,0,0,3,0,0,0,0,0,0,0,2,23,,,,,,,,,,,,,
229,18,0,86,1,4,12,0,334,7,113,33,134,127,229,16,2,87,6,9,0,0,337,9,0,0,94,126,229,0,0,0,6,0,0,0,0,0,0,0,19,62,,,,,,,,,,,,,
230,9,0,67,2,64,8,0,177,9,103,30,158,146,230,19,3,78,1,23,0,0,243,3,0,0,106,152,230,0,0,0,1,0,0,0,0,0,0,0,9,56,,,,,,,,,,,,,
231,10,118,88,5,23,16,0,342,3,125,22,129,113,231,7,123,75,4,16,0,0,313,2,0,0,62,101,231,0,0,0,3,0,0,0,0,0,0,0,14,57,,,,,,,,,,,,,
232,34,5,88,13,11,39,0,354,5,112,64,214,148,232,5,13,88,5,9,0,0,425,6,0,0,73,124,232,0,0,0,3,0,0,0,0,0,0,0,20,75,,,,,,,,,,,,,
233,2,2,37,1,6,4,0,99,2,37,5,65,43,233,6,0,28,2,9,0,0,93,2,0,0,27,61,233,0,0,0,0,0,0,0,0,0,0,0,8,24,,,,,,,,,,,,,
234,7,0,82,0,6,10,0,229,3,102,15,144,134,234,11,1,67,5,6,0,0,242,3,0,0,67,154,234,0,0,0,2,0,0,0,0,0,0,0,7,60,,,,,,,,,,,,,
235,2,50,17,1,9,5,0,113,5,42,15,46,38,235,10,51,25,0,13,0,0,100,0,0,0,45,58,235,0,0,0,1,0,0,0,0,0,0,0,4,19,,,,,,,,,,,,,
236,18,94,78,5,18,15,0,221,3,106,40,158,123,236,14,137,78,1,27,0,0,277,6,0,0,90,145,236,0,0,0,3,0,0,0,0,0,0,0,14,48,,,,,,,,,,,,,
237,4,195,82,3,13,15,0,320,2,117,22,141,124,237,16,184,77,3,13,0,0,272,7,0,0,81,138,237,0,0,0,3,0,0,0,0,0,0,0,11,56,,,,,,,,,,,,,
238,4,0,22,2,2,10,0,62,1,30,9,38,32,238,1,0,13,2,1,0,0,87,1,0,0,13,41,238,0,0,0,0,0,0,0,0,0,0,0,1,13,,,,,,,,,,,,,
239,8,1,48,1,4,3,0,76,3,59,13,60,51,239,5,0,26,1,15,0,0,84,3,0,0,20,55,239,0,0,0,0,0,0,0,0,0,0,0,5,24,,,,,,,,,,,,,
240,18,123,102,7,12,14,0,357,5,137,59,171,144,240,9,126,98,6,24,0,0,386,2,0,0,96,165,240,0,0,0,5,0,0,0,0,0,0,0,17,49,,,,,,,,,,,,,
241,0,0,1,0,0,0,0,8,2,2,0,0,2,241,0,0,0,0,0,0,0,3,2,0,0,1,0,241,0,0,0,1,0,0,0,0,0,0,0,0,0,,,,,,,,,,,,,
242,0,0,0,0,0,0,0,1,0,0,0,0,0,242,0,0,0,0,0,0,0,1,0,0,0,1,0,242,0,0,0,0,0,0,0,0,0,0,0,0,0,,,,,,,,,,,,,
243,0,0,2,0,0,0,0,37,1,11,0,0,2,243,0,0,1,0,1,0,0,0,1,0,0,2,2,243,0,0,0,0,0,0,0,0,0,0,0,0,0,,,,,,,,,,,,,
244,13,0,24,0,2,6,0,127,3,41,14,29,67,244,13,0,25,1,4,0,0,128,1,0,0,36,15,244,0,0,0,3,0,0,0,0,0,0,0,0,6,,,,,,,,,,,,,
245,12,0,40,2,7,14,0,165,6,84,10,78,120,245,23,0,47,1,13,0,0,139,4,0,0,82,33,245,0,0,0,0,0,0,0,0,0,0,0,0,3,,,,,,,,,,,,,
246,18,0,37,4,7,19,0,235,2,58,32,58,76,246,3,0,35,4,7,0,0,222,5,0,0,66,44,246,0,0,0,1,0,0,0,0,0,0,0,0,15,,,,,,,,,,,,,
247,39,0,61,2,34,27,0,412,13,110,37,85,174,247,30,0,105,3,17,0,0,386,6,0,0,148,64,247,0,0,0,3,0,0,0,0,0,0,0,0,6,,,,,,,,,,,,,
248,20,0,32,0,8,16,0,145,2,61,20,74,98,248,19,0,41,1,8,0,0,165,3,0,0,56,20,248,0,0,0,1,0,0,0,0,0,0,0,1,10,,,,,,,,,,,,,
249,24,0,51,2,9,15,0,323,3,103,27,58,92,249,19,0,65,1,20,0,0,246,3,0,0,140,63,249,0,0,0,0,0,0,0,0,0,0,0,0,7,,,,,,,,,,,,,
250,70,0,83,10,11,42,0,706,3,148,62,170,356,250,35,0,128,8,16,0,0,679,3,0,0,137,73,250,0,0,0,6,0,0,0,0,0,0,0,4,6,,,,,,,,,,,,,
251,32,0,86,0,14,18,0,488,7,127,32,104,213,251,23,0,72,3,29,0,0,454,6,0,0,126,49,251,0,0,0,4,0,0,0,0,0,0,0,1,10,,,,,,,,,,,,,
252,26,0,85,1,50,26,0,289,14,118,25,135,160,252,16,0,109,1,30,0,0,260,7,0,0,141,65,252,0,0,0,2,0,0,0,0,0,0,0,5,12,,,,,,,,,,,,,
253,12,0,52,0,19,17,0,271,13,78,15,75,113,253,21,0,51,2,15,0,0,223,11,0,0,64,28,253,0,0,0,2,0,0,0,0,0,0,0,3,8,,,,,,,,,,,,,
254,6,1,8,0,1,3,0,18,1,13,4,15,14,254,1,0,8,0,3,0,0,31,0,0,0,2,10,254,0,0,0,0,0,0,0,0,0,0,0,1,5,,,,,,,,,,,,,
255,10,16,78,4,5,20,0,267,5,97,22,117,98,255,12,18,60,2,13,0,0,267,2,0,0,50,84,255,0,0,0,4,0,0,0,0,0,0,0,8,42,,,,,,,,,,,,,
256,31,3,97,5,5,22,0,424,13,138,40,139,106,256,10,1,79,10,16,0,0,428,17,0,0,66,125,256,0,0,0,5,0,0,0,0,0,0,0,17,57,,,,,,,,,,,,,
257,14,5,92,3,6,19,0,352,5,129,32,140,124,257,15,11,82,7,23,0,0,339,3,0,0,65,126,257,0,0,0,5,0,0,0,0,0,0,0,15,46,,,,,,,,,,,,,
258,12,81,54,1,12,13,0,173,1,76,21,91,66,258,7,92,54,2,8,0,0,174,6,0,0,59,95,258,0,0,0,1,0,0,0,0,0,0,0,11,25,,,,,,,,,,,,,
259,6,90,43,5,20,10,0,127,7,71,24,90,76,259,6,84,50,1,17,0,0,155,13,0,0,32,61,259,0,0,0,2,0,0,0,0,0,0,0,6,29,,,,,,,,,,,,,
260,19,5,63,5,27,24,0,245,5,91,42,156,104,260,7,4,59,5,14,0,0,271,6,0,0,75,127,260,0,0,0,3,0,0,0,0,0,0,0,17,65,,,,,,,,,,,,,
261,21,155,152,9,5,32,0,488,8,200,52,211,139,261,18,169,156,5,23,0,0,438,11,0,0,100,168,261,0,0,0,4,0,0,0,0,0,0,0,26,77,,,,,,,,,,,,,
262,33,8,126,9,30,23,0,360,7,157,58,202,144,262,8,11,81,2,21,0,0,464,12,0,0,86,191,262,0,0,0,3,0,0,0,0,0,0,0,16,69,,,,,,,,,,,,,
263,4,7,37,3,6,10,0,92,4,56,30,88,59,263,4,22,43,1,6,0,0,126,3,0,0,34,74,263,0,0,0,1,0,0,0,0,0,0,0,5,27,,,,,,,,,,,,,
264,4,3,31,1,8,5,0,114,4,50,14,69,55,264,6,6,26,3,7,0,0,128,8,0,0,27,58,264,0,0,0,3,0,0,0,0,0,0,0,5,21,,,,,,,,,,,,,
265,2,0,1,0,1,1,0,6,1,5,1,5,7,265,0,0,3,0,0,0,0,10,0,0,0,6,6,265,0,0,0,0,0,0,0,0,0,0,0,0,2,,,,,,,,,,,,,
266,3,0,32,1,22,7,0,76,14,45,6,57,40,266,5,0,14,1,7,0,0,86,8,0,0,20,60,266,0,0,0,2,0,0,0,0,0,0,0,9,22,,,,,,,,,,,,,
267,1,10,3,0,2,0,0,17,0,11,3,9,11,267,4,8,2,0,0,0,0,19,0,0,0,10,11,267,0,0,0,0,0,0,0,0,0,0,0,0,5,,,,,,,,,,,,,
268,0,0,1,1,1,1,0,10,0,2,1,0,2,268,1,0,1,0,0,0,0,10,0,0,0,3,7,268,0,0,0,0,0,0,0,0,0,0,0,0,1,,,,,,,,,,,,,
269,30,6,73,6,9,22,0,254,5,82,35,110,75,269,3,1,51,5,10,0,0,283,11,0,0,45,97,269,0,0,0,2,0,0,0,0,0,0,0,17,47,,,,,,,,,,,,,
270,0,4,0,0,0,0,0,4,0,1,1,3,1,270,0,3,2,0,1,0,0,2,0,0,0,1,2,270,0,0,0,0,0,0,0,0,0,0,0,0,2,,,,,,,,,,,,,
271,20,176,117,2,6,15,0,391,2,145,30,178,163,271,17,154,76,5,22,0,0,414,8,0,0,89,113,271,0,0,0,5,0,0,0,0,0,0,0,12,62,,,,,,,,,,,,,
272,17,214,126,4,22,22,0,502,9,146,30,193,170,272,5,133,91,3,11,0,0,536,9,0,0,70,120,272,0,0,0,4,0,0,0,0,0,0,0,6,64,,,,,,,,,,,,,
273,20,2,91,7,11,11,0,294,3,101,41,152,123,273,8,7,55,4,20,0,0,334,4,0,0,58,125,273,0,0,0,1,0,0,0,0,0,0,0,15,51,,,,,,,,,,,,,
274,0,0,2,0,0,0,0,16,0,12,0,0,2,274,0,0,0,0,0,0,0,0,2,0,0,1,1,274,0,0,0,0,0,0,0,0,0,0,0,0,0,,,,,,,,,,,,,
275,0,0,3,0,0,0,0,10,0,4,0,0,0,275,0,0,0,0,0,0,0,1,0,0,0,1,1,275,0,0,0,0,0,0,0,0,0,0,0,0,0,,,,,,,,,,,,,
276,0,0,2,0,0,0,0,23,0,14,0,0,1,276,0,0,0,0,0,0,0,3,2,0,0,0,0,276,0,0,0,1,0,0,0,0,0,0,0,0,0,,,,,,,,,,,,,
277,0,0,0,0,0,0,0,0,0,1,0,0,1,277,0,0,0,0,0,0,0,0,1,0,0,0,0,277,0,0,0,0,0,0,0,0,0,0,0,0,0,,,,,,,,,,,,,
278,14,0,12,0,0,6,0,158,0,45,20,26,63,278,6,0,24,0,2,0,0,148,1,0,0,42,12,278,0,0,0,2,0,0,0,0,0,0,0,1,4,,,,,,,,,,,,,
279,18,0,70,0,11,12,0,373,7,111,21,74,175,279,13,0,97,3,13,0,0,325,3,0,0,111,53,279,0,0,0,2,0,0,0,0,0,0,0,0,3,,,,,,,,,,,,,
280,14,0,65,2,23,14,0,393,11,118,21,84,147,280,28,0,82,1,20,0,0,314,5,0,0,109,32,280,0,0,0,2,0,0,0,0,0,0,0,0,3,,,,,,,,,,,,,
281,9,0,60,0,11,7,0,247,9,92,13,64,87,281,19,0,46,1,18,0,0,183,0,0,0,106,22,281,0,0,0,1,0,0,0,0,0,0,0,2,5,,,,,,,,,,,,,
282,7,0,19,2,6,5,0,113,0,35,6,25,40,282,1,0,26,0,3,0,0,91,0,0,0,25,15,282,0,0,0,1,0,0,0,0,0,0,0,1,2,,,,,,,,,,,,,
283,20,0,105,0,39,14,0,401,13,136,20,116,180,283,44,0,121,1,24,0,0,362,12,0,0,128,47,283,0,0,0,1,0,0,0,0,0,0,0,0,3,,,,,,,,,,,,,
284,34,1,94,3,16,29,0,531,13,160,50,114,201,284,37,0,102,1,18,0,0,513,7,0,0,140,70,284,0,0,0,1,0,0,0,0,0,0,0,5,11,,,,,,,,,,,,,
285,11,0,50,0,9,11,0,163,4,58,8,41,74,285,15,0,42,0,5,0,0,152,2,0,0,63,28,285,0,0,0,0,0,0,0,0,0,0,0,0,2,,,,,,,,,,,,,
286,26,3,98,2,15,30,0,642,6,192,41,169,312,286,31,0,131,3,21,0,0,594,3,0,0,168,70,286,0,0,0,6,0,0,0,0,0,0,0,3,11,,,,,,,,,,,,,
287,29,0,84,0,34,20,0,451,6,155,26,99,221,287,35,0,93,2,16,0,0,380,9,0,0,165,51,287,0,0,0,2,0,0,0,0,0,0,0,0,8,,,,,,,,,,,,,
288,0,0,0,0,0,0,0,0,0,0,0,0,0,288,0,0,0,0,0,0,0,0,0,0,0,0,0,288,0,0,0,0,0,0,0,0,0,0,0,0,0,,,,,,,,,,,,,
289,21,66,98,5,8,17,0,338,10,104,34,146,86,289,6,48,70,8,16,0,0,368,11,0,0,45,96,289,0,0,0,5,0,0,0,0,0,0,0,16,57,,,,,,,,,,,,,
290,8,52,44,2,4,8,0,191,0,55,13,51,41,290,3,54,45,4,10,0,0,181,2,0,0,29,55,290,0,0,0,3,0,0,0,0,0,0,0,4,22,,,,,,,,,,,,,
291,11,68,89,8,20,14,0,196,6,95,38,137,122,291,11,75,88,4,11,0,0,239,6,0,0,62,127,291,0,0,0,4,0,0,0,0,0,0,0,11,43,,,,,,,,,,,,,
292,5,0,20,0,10,4,0,52,4,18,8,36,19,292,5,0,14,1,2,0,0,66,3,0,0,9,30,292,0,0,0,0,0,0,0,0,0,0,0,2,19,,,,,,,,,,,,,
293,23,15,131,7,8,24,0,409,9,137,32,155,137,293,17,38,76,4,20,0,0,434,7,0,0,58,133,293,0,0,0,4,0,0,0,0,0,0,0,9,95,,,,,,,,,,,,,
294,7,3,39,2,9,7,0,90,3,38,12,55,39,294,7,0,37,3,12,0,0,105,1,0,0,23,36,294,0,0,0,1,0,0,0,0,0,0,0,3,22,,,,,,,,,,,,,
295,6,0,34,1,2,8,0,82,1,39,12,44,31,295,2,0,25,3,12,0,0,99,2,0,0,20,50,295,0,0,0,0,0,0,0,0,0,0,0,4,20,,,,,,,,,,,,,
296,0,0,3,0,4,1,0,12,1,7,5,12,7,296,1,0,4,0,0,0,0,15,0,0,0,3,8,296,0,0,0,0,0,0,0,0,0,0,0,3,4,,,,,,,,,,,,,
297,5,1,67,2,4,10,0,150,2,70,18,80,80,297,11,7,56,2,9,0,0,173,2,0,0,30,67,297,0,0,0,0,0,0,0,0,0,0,0,6,25,,,,,,,,,,,,,
298,11,4,80,4,3,11,0,178,3,73,26,142,99,298,6,3,73,2,9,0,0,222,7,0,0,74,114,298,0,0,0,1,0,0,0,0,0,0,0,8,50,,,,,,,,,,,,,
299,8,203,65,4,28,10,0,168,4,105,23,91,129,299,18,192,93,5,11,0,0,178,2,0,0,84,122,299,0,0,0,0,0,0,0,0,0,0,0,9,17,,,,,,,,,,,,,
300,22,138,97,9,24,14,0,314,8,126,40,144,104,300,11,99,71,4,14,0,0,332,5,0,0,53,125,300,0,0,0,4,0,0,0,0,0,0,0,17,57,,,,,,,,,,,,,
301,33,11,98,6,10,33,0,488,11,158,58,181,122,301,12,13,76,8,28,0,0,515,8,0,0,70,134,301,0,0,0,7,0,0,0,0,0,0,0,24,68,,,,,,,,,,,,,
302,11,117,125,6,17,10,0,216,5,133,36,173,133,302,20,124,104,2,32,0,0,239,19,0,0,89,161,302,0,0,0,0,0,0,0,0,0,0,0,11,55,,,,,,,,,,,,,
303,11,41,91,7,25,22,0,296,8,127,37,182,128,303,25,37,82,2,27,0,0,351,8,0,0,92,146,303,0,0,0,4,0,0,0,0,0,0,0,8,79,,,,,,,,,,,,,
304,2,5,4,0,0,0,0,10,2,9,2,11,5,304,2,2,6,0,3,0,0,12,0,0,0,6,8,304,0,0,0,0,0,0,0,0,0,0,0,0,2,,,,,,,,,,,,,
305,7,7,60,1,6,6,0,163,4,55,21,77,43,305,0,6,39,3,9,0,0,172,3,0,0,28,66,305,0,0,0,1,0,0,0,0,0,0,0,11,37,,,,,,,,,,,,,
306,13,1,92,3,43,21,0,193,12,112,50,146,105,306,22,2,80,1,24,0,0,252,14,0,0,56,110,306,0,0,0,0,0,0,0,0,0,0,0,13,63,,,,,,,,,,,,,
307,0,0,9,0,0,3,0,15,2,12,2,11,1,307,0,1,6,0,1,0,0,22,1,0,0,11,11,307,0,0,0,0,0,0,0,0,0,0,0,0,2,,,,,,,,,,,,,
308,8,1,42,2,9,10,0,97,8,46,25,70,53,308,6,0,25,2,8,0,0,138,8,0,0,20,37,308,0,0,0,0,0,0,0,0,0,0,0,5,28,,,,,,,,,,,,,
309,0,0,2,0,0,0,0,6,0,6,0,0,0,309,0,0,2,0,0,0,0,0,0,0,0,0,0,309,0,0,0,0,0,0,0,0,0,0,0,0,0,,,,,,,,,,,,,
310,0,0,1,0,0,0,0,4,0,4,1,0,0,310,0,0,0,0,0,0,0,1,0,0,0,0,0,310,0,0,0,0,0,0,0,0,0,0,0,0,0,,,,,,,,,,,,,
311,0,0,2,0,0,0,0,24,0,15,1,1,1,311,0,0,2,0,0,0,0,2,0,0,0,1,0,311,0,0,0,0,0,0,0,0,0,0,0,0,0,,,,,,,,,,,,,
312,0,0,0,0,0,0,0,0,0,0,0,0,0,312,0,0,0,0,0,0,0,0,0,0,0,0,0,312,0,0,0,0,0,0,0,0,0,0,0,0,0,,,,,,,,,,,,,
313,20,0,64,2,2,14,0,351,6,90,23,97,210,313,16,0,74,5,7,0,0,361,1,0,0,109,36,313,0,0,0,5,0,0,0,0,0,0,0,0,2,,,,,,,,,,,,,
314,17,0,62,1,17,20,0,418,3,125,25,102,217,314,24,0,85,1,14,0,0,405,6,0,0,128,31,314,0,0,0,1,0,0,0,0,0,0,0,2,4,,,,,,,,,,,,,
315,11,0,46,0,15,13,0,151,3,64,10,71,91,315,30,0,48,0,15,0,0,144,3,0,0,66,30,315,0,0,0,1,0,0,0,0,0,0,0,0,1,,,,,,,,,,,,,
316,24,0,94,1,13,11,0,545,4,164,18,109,247,316,35,0,98,2,23,0,0,450,4,0,0,116,38,316,0,0,0,4,0,0,0,0,0,0,0,2,6,,,,,,,,,,,,,
317,13,1,62,1,5,16,0,361,2,122,17,63,135,317,12,0,66,3,11,0,0,295,2,0,0,77,36,317,0,0,0,0,0,0,0,0,0,0,0,0,4,,,,,,,,,,,,,
318,31,1,121,1,43,26,0,482,3,182,31,151,281,318,30,1,130,4,24,0,0,444,1,0,0,207,61,318,0,0,0,4,0,0,0,0,0,0,0,3,6,,,,,,,,,,,,,
319,18,0,67,0,9,18,0,267,2,90,23,91,181,319,20,0,87,0,11,0,0,289,1,0,0,127,19,319,0,0,0,1,0,0,0,0,0,0,0,0,3,,,,,,,,,,,,,
320,7,0,52,0,17,7,0,166,11,66,7,53,99,320,23,0,62,1,8,0,0,154,5,0,0,77,17,320,0,0,0,1,0,0,0,0,0,0,0,0,5,,,,,,,,,,,,,
321,3,0,7,0,1,2,0,29,0,16,3,17,31,321,1,0,10,0,1,0,0,38,0,0,0,19,1,321,0,0,0,0,0,0,0,0,0,0,0,0,1,,,,,,,,,,,,,
322,16,0,97,1,7,18,0,318,8,129,17,80,190,322,37,0,90,1,24,0,0,302,5,0,0,122,25,322,0,0,0,1,0,0,0,0,0,0,0,0,2,,,,,,,,,,,,,
323,0,0,0,0,0,0,0,0,0,0,0,0,0,323,0,0,0,0,0,0,0,0,0,0,0,0,0,323,0,0,0,0,0,0,0,0,0,0,0,0,0,,,,,,,,,,,,,
324,19,3,82,5,5,17,0,218,1,67,32,101,77,324,5,1,39,3,6,0,0,260,1,0,0,50,62,324,0,0,0,3,0,0,0,0,0,0,0,5,43,,,,,,,,,,,,,
325,14,111,100,3,6,17,0,356,6,119,32,154,121,325,8,144,76,5,23,0,0,372,7,0,0,75,156,325,0,0,0,2,0,0,0,0,0,0,0,11,64,,,,,,,,,,,,,
326,5,0,61,2,34,10,0,163,16,87,19,105,82,326,6,1,53,1,4,0,0,172,11,0,0,55,96,326,0,0,0,1,0,0,0,0,0,0,0,10,54,,,,,,,,,,,,,
327,2,0,8,1,3,0,0,10,1,4,1,21,14,327,1,0,10,0,4,0,0,23,2,0,0,4,15,327,0,0,0,0,0,0,0,0,0,0,0,1,7,,,,,,,,,,,,,
328,0,0,3,1,0,1,0,18,0,2,3,8,5,328,0,0,4,0,0,0,0,22,0,0,0,3,5,328,0,0,0,0,0,0,0,0,0,0,0,1,3,,,,,,,,,,,,,
329,1,0,18,0,4,0,0,28,2,19,5,20,11,329,4,0,6,0,4,0,0,27,1,0,0,15,19,329,0,0,0,0,0,0,0,0,0,0,0,1,9,,,,,,,,,,,,,
330,16,173,76,3,16,19,0,325,6,111,32,141,115,330,24,164,126,3,10,0,0,292,7,0,0,91,162,330,0,0,0,5,0,0,0,0,0,0,0,15,54,,,,,,,,,,,,,
331,9,104,70,5,21,16,0,174,6,118,27,114,90,331,17,121,57,1,20,0,0,167,4,0,0,85,131,331,0,0,0,1,0,0,0,0,0,0,0,14,42,,,,,,,,,,,,,
332,14,15,74,2,10,13,0,164,10,107,37,142,94,332,26,28,64,0,29,0,0,175,9,0,0,51,86,332,0,0,0,2,0,0,0,0,0,0,0,9,67,,,,,,,,,,,,,
333,10,4,114,5,14,19,0,339,3,133,28,167,115,333,35,6,94,2,18,0,0,354,6,0,0,97,148,333,0,0,0,4,0,0,0,0,0,0,0,6,76,,,,,,,,,,,,,
334,0,0,0,0,0,0,0,0,0,0,0,0,0,334,0,0,0,0,0,0,0,0,0,0,0,0,0,334,0,0,0,0,0,0,0,0,0,0,0,0,0,,,,,,,,,,,,,
335,12,1,62,5,19,14,0,119,9,87,30,112,105,335,21,4,67,1,18,0,0,187,12,0,0,80,124,335,0,0,0,0,0,0,0,0,0,0,0,8,39,,,,,,,,,,,,,
336,13,14,69,6,13,18,0,248,6,78,29,95,97,336,7,12,66,3,7,0,0,256,3,0,0,46,99,336,0,0,0,2,0,0,0,0,0,0,0,9,42,,,,,,,,,,,,,
337,0,4,6,0,0,0,0,12,1,6,3,6,9,337,1,4,3,0,0,0,0,12,0,0,0,4,14,337,0,0,0,0,0,0,0,0,0,0,0,1,4,,,,,,,,,,,,,
338,11,125,61,2,11,7,0,163,2,95,25,111,83,338,19,119,76,5,9,0,0,154,8,0,0,60,105,338,0,0,0,0,0,0,0,0,0,0,0,9,38,,,,,,,,,,,,,
339,13,2,89,5,20,20,0,229,14,104,22,132,103,339,18,6,74,4,23,0,0,261,9,0,0,61,108,339,0,0,0,0,0,0,0,0,0,0,0,15,48,,,,,,,,,,,,,
340,5,142,72,5,28,6,0,172,10,92,30,82,72,340,10,126,59,6,19,0,0,176,6,0,0,30,82,340,0,0,0,0,0,0,0,0,0,0,0,14,23,,,,,,,,,,,,,
341,0,0,6,0,2,1,0,10,1,7,2,7,9,341,1,0,10,0,2,0,0,9,0,0,0,4,7,341,0,0,0,0,0,0,0,0,0,0,0,1,3,,,,,,,,,,,,,
342,3,0,10,0,3,2,0,22,0,14,5,24,18,342,3,0,9,0,2,0,0,37,0,0,0,9,19,342,0,0,0,0,0,0,0,0,0,0,0,0,9,,,,,,,,,,,,,
343,16,0,103,7,6,18,0,348,8,111,37,172,110,343,3,1,86,4,35,0,0,378,2,0,0,68,125,343,0,0,0,2,0,0,0,0,0,0,0,19,73,,,,,,,,,,,,,
344,20,42,76,6,9,15,0,310,3,75,41,88,64,344,9,31,60,6,10,0,0,321,8,0,0,40,74,344,0,0,0,6,0,0,0,0,0,0,0,16,60,,,,,,,,,,,,,
345,7,1,50,2,23,9,0,136,9,68,15,98,74,345,13,0,51,3,10,0,0,146,5,0,0,40,65,345,0,0,0,1,0,0,0,0,0,0,0,2,40,,,,,,,,,,,,,
346,0,0,0,0,0,0,0,0,0,0,0,0,0,346,0,0,0,0,0,0,0,0,0,0,0,0,1,346,0,0,0,0,0,0,0,0,0,0,0,0,0,,,,,,,,,,,,,
347,0,0,2,0,0,0,0,8,0,7,0,0,2,347,0,0,0,0,0,0,0,1,0,0,0,0,0,347,0,0,0,0,0,0,0,0,0,0,0,0,0,,,,,,,,,,,,,
348,0,0,1,0,0,0,0,12,1,7,0,2,2,348,0,0,0,0,0,0,0,1,0,0,0,0,0,348,0,0,0,0,0,0,0,0,0,0,0,0,0,,,,,,,,,,,,,
349,0,0,0,0,0,0,0,0,0,0,0,0,0,349,0,0,0,0,0,0,0,1,0,0,0,0,1,349,0,0,0,0,0,0,0,0,0,0,0,0,0,,,,,,,,,,,,,
350,0,0,0,0,0,0,0,0,0,0,0,0,0,350,0,0,0,0,0,0,0,0,0,0,0,0,0,350,0,0,0,0,0,0,0,0,0,0,0,0,0,,,,,,,,,,,,,
351,0,0,0,0,0,0,0,0,0,0,0,0,0,351,0,0,0,0,0,0,0,0,0,0,0,0,0,351,0,0,0,0,0,0,0,0,0,0,0,0,0,,,,,,,,,,,,,
352,1,0,2,0,2,1,0,15,1,4,0,7,11,352,0,0,5,0,1,0,0,15,0,0,0,4,2,352,0,0,0,0,0,0,0,0,0,0,0,1,1,,,,,,,,,,,,,
353,28,0,76,1,11,29,0,460,3,158,37,182,289,353,29,0,120,1,12,0,0,432,6,0,0,153,57,353,0,0,0,1,0,0,0,0,0,0,0,1,16,,,,,,,,,,,,,
354,33,0,77,3,13,19,0,299,5,119,29,108,213,354,23,0,88,3,16,0,0,291,5,0,0,99,42,354,0,0,0,0,0,0,0,0,0,0,0,2,6,,,,,,,,,,,,,
355,9,0,39,0,12,15,0,150,4,67,17,49,93,355,25,0,48,3,11,0,0,142,3,0,0,57,29,355,0,0,0,0,0,0,0,0,0,0,0,1,1,,,,,,,,,,,,,
356,4,0,17,0,11,2,0,48,4,29,6,24,50,356,8,0,15,0,6,0,0,53,0,0,0,35,9,356,0,0,0,0,0,0,0,0,0,0,0,0,1,,,,,,,,,,,,,
357,27,0,61,0,36,20,0,236,14,87,20,102,135,357,22,1,88,0,8,0,0,200,7,0,0,99,43,357,0,0,0,0,0,0,0,0,0,0,0,1,13,,,,,,,,,,,,,
358,51,0,99,1,25,34,0,440,6,159,38,113,282,358,36,0,138,2,9,0,0,419,4,0,0,149,55,358,0,0,0,6,0,0,0,0,0,0,0,2,6,,,,,,,,,,,,,
359,12,0,29,0,8,8,0,115,5,48,11,33,73,359,6,0,25,0,6,0,0,118,2,0,0,56,11,359,0,0,0,2,0,0,0,0,0,0,0,0,0,,,,,,,,,,,,,
360,11,0,73,0,7,10,0,285,1,110,12,89,156,360,31,1,72,3,15,0,0,240,4,0,0,88,26,360,0,0,0,2,0,0,0,0,0,0,0,2,8,,,,,,,,,,,,,
361,11,0,11,0,2,9,0,120,2,41,10,38,62,361,3,0,21,1,5,0,0,116,1,0,0,22,17,361,0,0,0,0,0,0,0,0,0,0,0,0,1,,,,,,,,,,,,,
362,46,0,88,6,5,37,0,474,2,146,40,119,248,362,12,1,74,3,10,0,0,489,3,0,0,136,49,362,0,0,0,5,0,0,0,0,0,0,0,1,8,,,,,,,,,,,,,
363,2,0,2,0,0,1,0,5,0,3,0,1,4,363,1,0,3,0,0,0,0,5,0,0,0,4,2,363,0,0,0,0,0,0,0,0,0,0,0,0,0,,,,,,,,,,,,,
364,29,0,103,4,43,31,0,240,7,119,38,197,132,364,15,1,118,4,17,0,0,271,8,0,0,80,162,364,0,0,0,4,0,0,0,0,0,0,0,18,62,,,,,,,,,,,,,
365,9,2,66,3,25,16,0,210,3,106,26,146,134,365,20,8,79,5,18,0,0,242,7,0,0,91,147,365,0,0,0,0,0,0,0,0,0,0,0,7,50,,,,,,,,,,,,,
366,11,0,63,1,19,15,0,140,6,67,28,96,66,366,3,2,37,3,14,0,0,169,4,0,0,46,67,366,0,0,0,1,0,0,0,0,0,0,0,8,41,,,,,,,,,,,,,
367,7,105,53,2,19,16,0,181,5,82,24,119,103,367,23,135,76,0,11,0,0,192,6,0,0,75,88,367,0,0,0,0,0,0,0,0,0,0,0,6,35,,,,,,,,,,,,,
368,3,52,22,1,4,8,0,91,2,36,10,33,31,368,4,43,29,2,3,0,0,96,7,0,0,18,28,368,0,0,0,4,0,0,0,0,0,0,0,1,12,,,,,,,,,,,,,
369,0,14,15,0,2,2,0,33,0,9,2,17,19,369,1,17,15,0,2,0,0,31,0,0,0,8,18,369,0,0,0,0,0,0,0,0,0,0,0,0,7,,,,,,,,,,,,,
370,23,52,102,9,20,37,0,434,7,139,48,168,133,370,4,59,70,5,11,0,0,476,6,0,0,60,122,370,0,0,0,5,0,0,0,0,0,0,0,18,61,,,,,,,,,,,,,
371,9,178,71,3,34,11,0,182,12,103,30,125,117,371,15,144,86,0,14,0,0,201,7,0,0,93,97,371,0,0,0,1,0,0,0,0,0,0,0,12,35,,,,,,,,,,,,,
372,3,2,24,3,9,3,0,65,1,32,7,38,24,372,2,1,20,0,7,0,0,56,0,0,0,25,28,372,0,0,0,0,0,0,0,0,0,0,0,4,18,,,,,,,,,,,,,
373,4,1,44,3,20,12,0,154,5,73,15,85,46,373,5,0,39,3,13,0,0,135,2,0,0,42,92,373,0,0,0,4,0,0,0,0,0,0,0,6,41,,,,,,,,,,,,,
374,5,0,29,1,12,6,0,90,8,36,21,62,35,374,9,1,26,2,9,0,0,112,5,0,0,26,49,374,0,0,0,1,0,0,0,0,0,0,0,10,25,,,,,,,,,,,,,
375,1,0,14,0,8,1,0,31,2,13,5,17,13,375,1,1,9,0,2,0,0,43,0,0,0,10,15,375,0,0,0,1,0,0,0,0,0,0,0,2,3,,,,,,,,,,,,,
376,0,0,0,0,0,0,0,0,0,0,0,1,0,376,0,0,0,0,0,0,0,1,0,0,0,0,0,376,0,0,0,0,0,0,0,0,0,0,0,0,0,,,,,,,,,,,,,
377,5,6,17,1,1,3,0,63,0,19,3,23,18,377,3,16,11,2,5,0,0,72,1,0,0,13,32,377,0,0,0,0,0,0,0,0,0,0,0,4,9,,,,,,,,,,,,,
378,15,69,39,4,2,8,0,147,2,53,21,69,57,378,4,76,43,1,8,0,0,172,3,0,0,29,65,378,0,0,0,4,0,0,0,0,0,0,0,11,28,,,,,,,,,,,,,
379,0,2,1,0,1,0,0,4,0,5,1,6,7,379,0,2,4,0,0,0,0,2,0,0,0,0,4,379,0,0,0,0,0,0,0,0,0,0,0,1,2,,,,,,,,,,,,,
380,11,2,89,1,20,10,0,207,7,105,16,125,91,380,3,5,62,1,22,0,0,180,3,0,0,61,98,380,0,0,0,0,0,0,0,0,0,0,0,11,69,,,,,,,,,,,,,
381,8,10,21,1,3,6,0,71,2,33,9,41,13,381,2,8,21,1,2,0,0,65,0,0,0,19,46,381,0,0,0,0,0,0,0,0,0,0,0,5,17,,,,,,,,,,,,,
382,5,0,11,0,1,3,0,61,0,15,4,19,14,382,0,0,8,1,0,0,0,55,1,0,0,11,22,382,0,0,0,0,0,0,0,0,0,0,0,4,6,,,,,,,,,,,,,
383,15,137,78,8,19,20,1,344,11,146,36,154,106,383,15,161,84,6,15,0,0,298,5,0,0,72,102,383,0,0,0,3,0,0,0,0,0,0,0,17,75,,,,,,,,,,,,,
384,20,1,66,2,27,23,0,160,5,107,48,116,91,384,4,3,50,1,15,0,0,194,6,0,0,53,89,384,0,0,0,0,0,0,0,0,0,0,0,7,56,,,,,,,,,,,,,
385,8,29,55,1,6,10,0,174,5,79,22,84,76,385,2,50,66,3,5,0,0,163,3,0,0,56,86,385,0,0,0,3,0,0,0,0,0,0,0,7,31,,,,,,,,,,,,,
386,0,0,3,0,0,0,0,7,0,12,0,1,1,386,0,0,0,0,0,0,0,0,1,0,0,0,0,386,0,0,0,0,0,0,0,0,0,0,0,0,0,,,,,,,,,,,,,
387,0,0,0,0,0,0,0,0,0,0,0,0,0,387,0,0,0,0,0,0,0,0,0,0,0,0,0,387,0,0,0,0,0,0,0,0,0,0,0,0,0,,,,,,,,,,,,,
388,0,0,0,0,0,0,0,0,0,0,0,0,0,388,0,0,0,0,0,0,0,0,0,0,0,0,0,388,0,0,0,0,0,0,0,0,0,0,0,0,0,,,,,,,,,,,,,
389,0,0,0,0,0,0,0,0,0,1,0,0,0,389,0,0,0,0,0,0,0,0,0,0,0,0,0,389,0,0,0,0,0,0,0,0,0,0,0,0,0,,,,,,,,,,,,,
390,0,0,0,0,0,0,0,0,0,0,0,0,0,390,0,0,0,0,0,0,0,0,0,0,0,0,0,390,0,0,0,0,0,0,0,0,0,0,0,0,0,,,,,,,,,,,,,
391,0,0,0,0,0,0,0,7,0,2,0,0,0,391,0,0,0,0,0,0,0,0,0,0,0,0,0,391,0,0,0,0,0,0,0,0,0,0,0,0,0,,,,,,,,,,,,,
392,0,0,0,0,0,0,0,0,1,0,0,0,0,392,0,0,0,0,0,0,0,0,1,0,0,0,0,392,0,0,0,0,0,0,0,0,0,0,0,0,0,,,,,,,,,,,,,
393,2,0,0,0,0,3,0,16,0,4,1,6,9,393,0,0,1,0,0,0,0,16,0,0,0,6,1,393,0,0,0,0,0,0,0,0,0,0,0,0,1,,,,,,,,,,,,,
394,18,1,66,0,8,15,0,326,8,104,37,128,188,394,34,0,100,3,15,0,0,307,3,0,0,125,51,394,0,0,0,2,0,0,0,0,0,0,0,2,10,,,,,,,,,,,,,
395,3,0,11,0,3,6,0,80,2,28,3,13,23,395,5,0,18,2,7,0,0,52,1,0,0,27,7,395,0,0,0,1,0,0,0,0,0,0,0,0,1,,,,,,,,,,,,,
396,1,0,1,0,0,0,0,8,0,1,0,6,4,396,3,0,0,0,0,0,0,10,1,0,0,9,1,396,0,0,0,0,0,0,0,0,0,0,0,0,1,,,,,,,,,,,,,
397,21,0,58,1,12,13,0,425,4,124,23,110,176,397,8,0,85,4,17,0,0,347,4,0,0,96,61,397,0,0,0,2,0,0,0,0,0,0,0,1,8,,,,,,,,,,,,,
398,31,0,104,0,9,22,0,499,4,164,38,154,236,398,20,0,97,1,23,0,0,425,1,0,0,164,75,398,0,0,0,2,0,0,0,0,0,0,0,3,13,,,,,,,,,,,,,
399,26,0,80,0,16,23,0,328,6,99,17,84,185,399,15,0,82,2,23,0,0,329,2,0,0,137,54,399,0,0,0,1,0,0,0,0,0,0,0,2,5,,,,,,,,,,,,,
400,0,0,2,0,3,1,0,10,2,7,2,6,6,400,3,0,2,0,0,0,0,14,2,0,0,1,5,400,0,0,0,0,0,0,0,0,0,0,0,2,3,,,,,,,,,,,,,
401,56,0,90,4,15,36,0,687,11,155,51,111,223,401,14,1,87,4,11,0,0,602,5,0,0,97,69,401,0,0,0,6,0,0,0,0,0,0,0,1,10,,,,,,,,,,,,,
402,3,1,1,0,0,0,0,12,0,1,1,2,4,402,1,0,1,0,0,0,0,14,0,0,0,6,2,402,0,0,0,0,0,0,0,0,0,0,0,0,0,,,,,,,,,,,,,
403,23,0,62,1,7,18,0,411,14,101,25,97,208,403,16,0,82,1,10,0,0,359,10,0,0,101,59,403,0,0,0,1,0,0,0,0,0,0,0,2,11,,,,,,,,,,,,,
404,5,0,27,0,5,10,0,152,3,44,11,27,59,404,11,0,23,0,4,0,0,139,0,0,0,47,26,404,0,0,0,1,0,0,0,0,0,0,0,0,1,,,,,,,,,,,,,
405,4,19,18,3,1,4,0,56,0,33,15,40,22,405,2,30,16,0,5,0,0,54,0,0,0,17,30,405,0,0,0,0,0,0,0,0,0,0,0,3,9,,,,,,,,,,,,,
406,5,36,16,1,0,4,0,56,2,25,7,21,30,406,6,49,24,0,3,0,0,64,3,0,0,28,24,406,0,0,0,1,0,0,0,0,0,0,0,1,16,,,,,,,,,,,,,
407,4,0,27,0,4,3,0,72,6,32,6,55,43,407,5,1,29,2,6,0,0,90,4,0,0,22,37,407,0,0,0,2,0,0,0,0,0,0,0,3,17,,,,,,,,,,,,,
408,0,0,10,0,2,2,0,24,0,8,5,14,12,408,1,0,11,1,0,0,0,32,0,0,0,5,9,408,0,0,0,1,0,0,0,0,0,0,0,0,6,,,,,,,,,,,,,
409,2,31,18,3,3,2,0,92,2,43,13,35,25,409,1,24,26,0,3,0,0,72,0,0,0,11,25,409,0,0,0,0,0,0,0,0,0,0,0,1,10,,,,,,,,,,,,,
410,25,218,96,11,16,26,0,404,2,155,53,150,100,410,14,185,98,3,17,0,0,408,5,0,0,61,114,410,0,0,0,2,0,0,0,0,0,0,0,31,63,,,,,,,,,,,,,
411,5,61,39,1,3,5,0,97,4,39,11,42,47,411,11,72,30,1,6,0,0,111,2,0,0,28,35,411,0,0,0,1,0,0,0,0,0,0,0,2,15,,,,,,,,,,,,,
412,10,79,68,3,24,18,0,234,3,126,36,148,127,412,9,96,55,3,9,0,0,260,4,0,0,56,100,412,0,0,0,2,0,0,0,0,0,0,0,8,43,,,,,,,,,,,,,
413,4,4,9,1,1,0,0,72,1,16,3,22,26,413,1,0,5,0,0,0,0,71,1,0,0,6,22,413,0,0,0,2,0,0,0,0,0,0,0,3,8,,,,,,,,,,,,,
414,12,2,83,8,7,27,0,390,8,132,53,156,105,414,11,3,80,2,12,0,0,381,9,0,0,61,135,414,0,0,0,2,0,0,0,0,0,0,0,24,58,,,,,,,,,,,,,
415,19,2,71,7,1,14,0,391,1,100,51,144,114,415,7,2,65,2,9,0,0,375,8,0,0,71,114,415,0,0,0,6,0,0,0,0,0,0,0,7,49,,,,,,,,,,,,,
416,6,59,28,0,4,6,0,91,2,57,11,40,37,416,1,53,21,0,10,0,0,90,3,0,0,32,50,416,0,0,0,1,0,0,0,0,0,0,0,10,6,,,,,,,,,,,,,
417,30,7,120,6,3,27,0,466,1,121,61,230,169,417,7,7,72,8,18,0,0,573,6,0,0,48,118,417,0,0,0,9,0,0,0,0,0,0,0,16,46,,,,,,,,,,,,,
418,1,0,11,0,0,5,0,39,2,12,11,12,7,418,0,1,8,0,0,0,0,38,0,0,0,2,13,418,0,0,0,0,0,0,0,0,0,0,0,3,6,,,,,,,,,,,,,
419,6,3,64,3,9,19,0,248,10,76,32,105,91,419,4,5,48,3,9,0,0,269,5,0,0,51,93,419,0,0,0,2,0,0,0,0,0,0,0,13,34,,,,,,,,,,,,,
420,1,0,11,0,1,5,0,19,1,15,3,17,8,420,3,0,5,0,2,0,0,22,0,0,0,9,11,420,0,0,0,0,0,0,0,0,0,0,0,1,10,,,,,,,,,,,,,
421,4,0,30,1,2,4,0,77,3,31,11,42,26,421,2,2,23,1,0,0,0,78,1,0,0,24,32,421,0,0,0,1,0,0,0,0,0,0,0,5,24,,,,,,,,,,,,,
422,6,0,40,3,1,7,0,114,4,55,14,78,62,422,5,5,26,3,8,0,0,129,2,0,0,27,50,422,0,0,0,1,0,0,0,0,0,0,0,5,29,,,,,,,,,,,,,
423,18,32,93,3,9,28,0,279,6,104,53,112,73,423,4,27,48,10,10,0,0,331,6,0,0,35,80,423,0,0,0,3,0,0,0,0,0,0,0,44,51,,,,,,,,,,,,,
424,25,76,81,2,3,16,1,351,6,110,44,159,109,424,4,80,56,7,17,0,0,448,4,0,0,65,106,424,0,0,0,0,0,0,0,0,0,0,0,13,49,,,,,,,,,,,,,
425,2,1,18,1,5,3,0,53,2,19,3,23,23,425,2,2,10,1,2,0,0,54,1,0,0,7,11,425,0,0,0,0,0,0,0,0,0,0,0,2,3,,,,,,,,,,,,,
426,12,2,68,3,4,14,0,274,8,80,33,130,95,426,6,2,49,0,23,0,0,303,8,0,0,40,73,426,0,0,0,0,0,0,0,0,0,0,0,15,53,,,,,,,,,,,,,
427,0,0,1,0,0,0,0,8,0,8,0,0,0,427,0,0,1,0,1,0,0,0,1,0,0,0,0,427,0,0,0,0,0,0,0,0,0,0,0,0,0,,,,,,,,,,,,,
428,0,0,0,0,0,0,0,1,0,0,0,0,0,428,0,0,0,0,0,0,0,0,0,0,0,0,0,428,0,0,0,0,0,0,0,0,0,0,0,0,0,,,,,,,,,,,,,
429,0,0,0,0,0,0,0,4,0,0,0,0,0,429,0,0,0,0,0,0,0,0,0,0,0,0,0,429,0,0,0,0,0,0,0,0,0,0,0,0,0,,,,,,,,,,,,,
430,0,0,4,0,0,1,0,27,2,9,0,2,1,430,0,1,3,0,0,0,0,3,0,0,0,0,1,430,0,0,0,2,0,0,0,0,0,0,0,0,0,,,,,,,,,,,,,
431,0,0,0,0,0,0,0,0,0,0,0,0,0,431,0,0,0,0,0,0,0,0,0,0,0,0,0,431,0,0,0,0,0,0,0,0,0,0,0,0,1,,,,,,,,,,,,,
432,25,0,86,1,13,26,0,421,3,136,22,82,175,432,36,0,81,2,19,0,0,386,2,0,0,166,77,432,0,0,0,2,0,0,0,0,0,0,0,2,9,,,,,,,,,,,,,
433,7,0,21,0,8,5,0,73,0,27,3,16,42,433,11,0,23,0,4,0,0,68,1,0,0,37,13,433,0,0,0,0,0,0,0,0,0,0,0,1,0,,,,,,,,,,,,,
434,0,0,1,0,0,0,0,3,0,1,0,0,2,434,0,0,2,0,0,0,0,3,0,0,0,1,2,434,0,0,0,0,0,0,0,0,0,0,0,0,0,,,,,,,,,,,,,
435,15,0,63,2,36,5,0,282,10,106,15,51,118,435,21,0,60,1,18,0,0,215,6,0,0,142,56,435,0,0,0,1,0,0,0,0,0,0,0,1,8,,,,,,,,,,,,,
436,9,0,6,0,1,0,0,48,0,6,2,9,14,436,2,0,5,0,1,0,0,47,0,0,0,7,10,436,0,0,0,0,0,0,0,0,0,0,0,0,0,,,,,,,,,,,,,
437,31,1,93,1,20,12,0,395,9,125,36,156,304,437,37,0,117,5,15,0,0,397,5,0,0,149,61,437,0,0,0,2,0,0,0,0,0,0,0,2,6,,,,,,,,,,,,,
438,56,0,123,1,2,24,0,644,9,192,51,167,354,438,42,0,137,2,15,0,0,669,2,0,0,175,91,438,0,0,0,2,0,0,0,0,0,0,0,3,9,,,,,,,,,,,,,
439,17,0,67,1,31,11,0,195,4,72,32,65,127,439,28,0,66,1,10,0,0,220,1,0,0,119,42,439,0,0,0,0,0,0,0,0,0,0,0,0,6,,,,,,,,,,,,,
440,43,0,75,4,11,21,0,442,3,121,44,118,202,440,39,0,87,3,21,0,0,447,5,0,0,131,51,440,0,0,0,5,0,0,0,0,0,0,0,3,13,,,,,,,,,,,,,
441,16,0,70,1,19,15,0,315,7,102,17,93,161,441,57,0,91,2,25,0,0,270,9,0,0,129,48,441,0,0,0,1,0,0,0,0,0,0,0,2,6,,,,,,,,,,,,,
442,26,1,95,2,10,16,0,384,4,86,44,112,105,442,11,3,79,8,21,0,0,413,4,0,0,55,118,442,0,0,0,4,0,0,0,0,0,0,0,16,51,,,,,,,,,,,,,
443,26,5,100,7,13,22,0,419,2,158,62,198,152,443,24,4,110,2,21,0,0,399,5,0,0,103,219,443,0,0,0,1,0,0,0,0,0,0,0,20,72,,,,,,,,,,,,,
444,17,1,94,2,28,16,0,259,8,122,51,153,104,444,18,1,85,2,17,0,0,269,10,0,0,76,129,444,0,0,0,1,0,0,0,0,0,0,0,24,55,,,,,,,,,,,,,
445,2,0,5,0,2,1,0,19,0,9,3,12,10,445,0,0,9,1,2,0,0,21,0,0,0,6,17,445,0,0,0,1,0,0,0,0,0,0,0,1,5,,,,,,,,,,,,,
446,16,115,90,2,6,11,0,311,6,117,28,150,140,446,14,100,108,5,16,0,0,284,10,0,0,83,154,446,0,0,0,1,0,0,0,0,0,0,0,4,40,,,,,,,,,,,,,
447,6,0,26,0,4,4,0,37,0,24,12,54,30,447,2,2,21,0,7,0,0,61,0,0,0,17,28,447,0,0,0,0,0,0,0,0,0,0,0,8,20,,,,,,,,,,,,,
448,1,0,4,0,0,1,0,8,0,3,2,8,2,448,0,0,4,0,1,0,0,17,0,0,0,6,9,448,0,0,0,0,0,0,0,0,0,0,0,0,4,,,,,,,,,,,,,
449,2,2,26,2,4,4,0,77,4,41,13,49,24,449,7,1,23,0,7,0,0,71,1,0,0,23,69,449,0,0,0,1,0,0,0,0,0,0,0,4,22,,,,,,,,,,,,,
450,5,38,28,2,8,4,0,96,1,37,15,48,29,450,8,52,25,0,6,0,0,93,4,0,0,30,45,450,0,0,0,0,0,0,0,0,0,0,0,4,17,,,,,,,,,,,,,
451,0,0,0,0,0,0,0,0,0,0,1,1,0,451,1,0,0,0,0,0,0,3,0,0,0,0,0,451,0,0,0,0,0,0,0,0,0,0,0,0,0,,,,,,,,,,,,,
452,18,8,104,5,9,16,0,318,5,152,57,192,132,452,12,10,97,2,14,0,0,300,6,0,0,79,129,452,0,0,0,5,0,0,0,0,0,0,0,14,89,,,,,,,,,,,,,
453,9,167,82,3,11,18,0,197,4,87,28,129,111,453,22,127,87,2,19,0,0,212,5,0,0,54,100,453,0,0,0,2,0,0,0,0,0,0,0,19,58,,,,,,,,,,,,,
454,23,75,96,3,19,19,0,274,6,128,47,154,129,454,16,83,104,5,14,0,0,311,4,0,0,85,186,454,0,0,0,4,0,0,0,0,0,0,0,9,54,,,,,,,,,,,,,
455,9,2,68,1,7,14,0,224,4,81,37,101,78,455,7,1,49,4,8,0,0,269,2,0,0,53,113,455,0,0,0,1,0,0,0,0,0,0,0,10,38,,,,,,,,,,,,,
456,10,2,83,3,22,8,0,196,7,94,34,106,78,456,7,2,66,2,15,0,0,213,3,0,0,51,108,456,0,0,0,1,0,0,0,0,0,0,0,17,51,,,,,,,,,,,,,
457,7,0,88,7,15,9,0,237,3,88,28,141,73,457,4,1,73,0,15,0,0,232,8,0,0,60,100,457,0,0,0,5,0,0,0,0,0,0,0,23,62,,,,,,,,,,,,,
458,2,42,25,1,7,1,0,67,2,37,15,37,24,458,6,42,28,2,2,0,0,61,1,0,0,22,45,458,0,0,0,0,0,0,0,0,0,0,0,2,10,,,,,,,,,,,,,
459,1,0,22,1,11,5,0,31,4,22,7,32,23,459,2,0,15,0,5,0,0,50,2,0,0,20,35,459,0,0,0,1,0,0,0,0,0,0,0,9,18,,,,,,,,,,,,,
460,14,181,145,8,10,19,0,452,4,134,40,200,140,460,15,177,107,4,20,0,0,460,4,0,0,87,117,460,0,0,0,3,0,0,0,0,0,0,0,21,75,,,,,,,,,,,,,
461,0,0,0,0,0,0,0,0,0,0,0,0,0,461,0,0,0,0,0,0,0,0,0,0,0,1,0,461,0,0,0,0,0,0,0,0,0,0,0,0,0,,,,,,,,,,,,,
462,0,0,0,0,0,0,0,0,0,0,0,0,0,462,0,0,0,0,0,0,0,0,1,0,0,0,0,462,0,0,0,0,0,0,0,0,0,0,0,0,0,,,,,,,,,,,,,
463,0,0,3,0,0,0,0,20,1,16,0,1,1,463,0,0,3,0,0,0,0,2,1,0,0,0,0,463,0,0,0,0,0,0,0,0,0,0,0,0,0,,,,,,,,,,,,,
464,25,0,100,0,24,21,0,348,4,144,15,130,221,464,30,0,129,2,11,0,0,287,4,0,0,167,45,464,0,0,0,1,0,0,0,0,0,0,0,1,10,,,,,,,,,,,,,
465,0,0,4,0,0,0,0,5,1,5,1,1,3,465,1,0,1,0,1,0,0,5,0,0,0,2,0,465,0,0,0,0,0,0,0,0,0,0,0,0,0,,,,,,,,,,,,,
466,16,0,63,0,6,13,0,288,4,102,25,71,132,466,26,1,68,1,9,0,0,277,2,0,0,123,42,466,0,0,0,1,0,0,0,0,0,0,0,1,1,,,,,,,,,,,,,
467,33,0,124,1,29,23,0,354,12,132,24,123,218,467,35,0,106,4,11,0,0,388,5,0,0,150,49,467,0,0,0,2,0,0,0,0,0,0,0,0,3,,,,,,,,,,,,,
468,5,0,17,0,8,5,0,65,2,22,2,25,44,468,5,0,25,0,2,0,0,59,3,0,0,37,5,468,0,0,0,0,0,0,0,0,0,0,0,0,2,,,,,,,,,,,,,
469,19,0,44,3,6,16,0,308,4,77,21,63,148,469,13,1,72,5,3,0,0,283,3,0,0,62,30,469,0,0,0,4,0,0,0,0,0,0,0,1,4,,,,,,,,,,,,,
470,11,0,46,0,6,15,0,175,2,78,17,80,128,470,24,0,76,2,17,0,0,180,2,0,0,92,30,470,0,0,0,1,0,0,0,0,0,0,0,1,1,,,,,,,,,,,,,
471,3,0,1,0,0,1,0,4,0,2,0,1,0,471,2,0,2,0,0,0,0,6,1,0,0,3,2,471,0,0,0,0,0,0,0,0,0,0,0,0,0,,,,,,,,,,,,,
472,0,0,4,0,0,2,0,19,1,11,2,3,9,472,3,0,5,0,3,0,0,13,0,0,0,11,3,472,0,0,0,0,0,0,0,0,0,0,0,0,1,,,,,,,,,,,,,
473,33,0,79,4,10,15,0,346,6,101,27,78,158,473,12,0,90,0,9,0,0,337,3,0,0,91,38,473,0,0,0,2,0,0,0,0,0,0,0,2,13,,,,,,,,,,,,,
474,1,0,14,0,2,2,0,75,0,23,0,8,25,474,6,0,9,0,0,0,0,50,2,0,0,22,8,474,0,0,0,0,0,0,0,0,0,0,0,0,0,,,,,,,,,,,,,
475,22,0,89,1,17,16,0,289,3,116,22,125,194,475,37,1,93,1,15,0,0,281,2,0,0,141,36,475,0,0,0,2,0,0,0,0,0,0,0,1,3,,,,,,,,,,,,,
476,1,21,23,2,1,1,0,40,2,33,8,30,18,476,4,22,21,0,4,0,0,34,2,0,0,15,18,476,0,0,0,1,0,0,0,0,0,0,0,0,15,,,,,,,,,,,,,
477,20,5,112,12,12,23,0,225,7,114,47,167,128,477,16,2,77,4,15,0,0,275,11,0,0,70,121,477,0,0,0,2,0,0,0,0,0,0,0,15,52,,,,,,,,,,,,,
478,17,12,101,7,12,33,0,289,6,88,48,152,109,478,9,5,63,1,9,0,0,353,5,0,0,55,111,478,0,0,0,1,0,0,0,0,0,0,0,20,57,,,,,,,,,,,,,
479,6,26,29,3,2,7,0,75,3,42,18,61,56,479,8,42,34,1,4,0,0,103,2,0,0,47,57,479,0,0,0,0,0,0,0,0,0,0,0,5,13,,,,,,,,,,,,,
480,1,6,17,0,5,4,0,49,0,26,5,20,11,480,1,4,16,1,6,0,0,36,2,0,0,15,26,480,0,0,0,1,0,0,0,0,0,0,0,3,11,,,,,,,,,,,,,
481,11,133,83,3,16,10,0,219,8,95,29,139,116,481,8,123,90,0,14,0,0,228,7,0,0,68,100,481,0,0,0,2,0,0,0,0,0,0,0,12,52,,,,,,,,,,,,,
482,10,8,61,3,10,10,0,199,5,89,17,114,76,482,10,3,52,2,7,0,0,201,4,0,0,60,80,482,0,0,0,1,0,0,0,0,0,0,0,9,40,,,,,,,,,,,,,
483,2,48,16,1,7,1,0,43,2,19,10,43,33,483,2,46,26,2,5,0,0,52,5,0,0,27,33,483,0,0,0,0,0,0,0,0,0,0,0,2,14,,,,,,,,,,,,,
484,3,2,23,3,2,5,0,57,1,25,8,35,37,484,6,2,20,0,2,0,0,83,0,0,0,25,41,484,0,0,0,1,0,0,0,0,0,0,0,3,13,,,,,,,,,,,,,
485,0,0,2,0,2,0,0,3,1,1,0,2,1,485,0,0,0,0,0,0,0,2,0,0,0,4,6,485,0,0,0,0,0,0,0,0,0,0,0,0,2,,,,,,,,,,,,,
486,3,0,13,0,2,3,0,62,0,30,4,30,34,486,1,0,25,2,5,0,0,55,1,0,0,17,21,486,0,0,0,1,0,0,0,0,0,0,0,1,10,,,,,,,,,,,,,
487,1,15,21,2,2,1,0,24,2,24,1,29,28,487,6,13,9,2,4,0,0,37,3,0,0,14,16,487,0,0,0,0,0,0,0,0,0,0,0,1,8,,,,,,,,,,,,,
488,4,53,33,1,4,6,0,118,1,46,4,44,37,488,8,52,33,4,4,0,0,115,1,0,0,30,39,488,0,0,0,0,0,0,0,0,0,0,0,7,18,,,,,,,,,,,,,
489,1,2,12,0,1,0,0,21,0,8,3,22,10,489,2,5,7,0,2,0,0,24,0,0,0,10,17,489,0,0,0,1,0,0,0,0,0,0,0,0,8,,,,,,,,,,,,,
490,6,0,27,4,9,4,0,102,8,48,16,67,39,490,9,4,28,0,7,0,0,104,4,0,0,45,71,490,0,0,0,1,0,0,0,0,0,0,0,3,33,,,,,,,,,,,,,
491,16,2,94,4,2,17,0,350,2,111,27,117,109,491,13,3,79,2,7,0,0,377,5,0,0,62,128,491,0,0,0,3,0,0,0,0,0,0,0,11,40,,,,,,,,,,,,,
492,6,158,114,4,4,6,0,526,2,138,25,152,121,492,12,167,122,9,6,0,0,474,0,0,0,81,122,492,0,0,0,4,0,0,0,0,0,0,0,16,50,,,,,,,,,,,,,
493,26,86,82,4,3,31,0,408,6,158,47,185,184,493,11,98,141,9,20,0,0,376,6,0,0,88,136,493,0,0,0,3,0,0,0,0,0,0,0,18,60,,,,,,,,,,,,,
494,14,2,108,6,15,16,0,457,9,120,39,171,110,494,8,4,72,8,10,0,0,457,7,0,0,66,117,494,0,0,0,7,0,0,0,0,0,0,0,32,80,,,,,,,,,,,,,
495,1,17,21,1,2,0,0,58,5,33,8,34,24,495,1,26,17,0,0,0,0,60,1,0,0,16,24,495,0,0,0,1,0,0,0,0,0,0,0,4,17,,,,,,,,,,,,,
496,5,1,25,0,17,6,0,85,11,40,16,70,54,496,8,2,38,0,7,0,0,93,7,0,0,22,62,496,0,0,0,1,0,0,0,0,0,0,0,10,30,,,,,,,,,,,,,
497,0,0,0,0,0,0,0,0,0,0,0,0,0,497,0,0,0,0,0,0,0,0,0,0,0,0,0,497,0,0,0,0,0,0,0,0,0,0,0,0,0,,,,,,,,,,,,,
498,0,0,0,0,0,0,0,0,0,0,0,0,0,498,0,0,0,0,0,0,0,0,0,0,0,0,0,498,0,0,0,0,0,0,0,0,0,0,0,0,0,,,,,,,,,,,,,
499,0,0,0,0,0,0,0,0,0,0,0,0,0,499,0,0,0,0,0,0,0,0,0,0,0,0,0,499,0,0,0,0,0,0,0,0,0,0,0,0,0,,,,,,,,,,,,,
500,0,0,0,0,0,0,0,0,0,0,0,0,0,500,0,0,0,0,0,0,0,0,0,0,0,0,0,500,0,0,0,0,0,0,0,0,0,0,0,0,0,,,,,,,,,,,,,
501,0,0,0,0,0,0,0,0,0,0,0,0,0,501,0,0,0,0,0,0,0,0,0,0,0,0,0,501,0,0,0,0,0,0,0,0,0,0,0,0,0,,,,,,,,,,,,,
502,0,0,0,0,0,0,0,0,0,0,0,0,0,502,0,0,0,0,0,0,0,0,0,0,0,0,0,502,0,0,0,0,0,0,0,0,0,0,0,0,0,,,,,,,,,,,,,
503,0,0,0,0,0,0,0,0,0,0,0,0,0,503,0,0,0,0,0,0,0,0,0,0,0,0,0,503,0,0,0,0,0,0,0,0,0,0,0,0,0,,,,,,,,,,,,,
504,0,0,0,0,0,0,0,0,0,0,0,0,0,504,0,0,0,0,0,0,0,0,0,0,0,0,0,504,0,0,0,0,0,0,0,0,0,0,0,0,0,,,,,,,,,,,,,
505,0,0,0,0,0,0,0,0,0,0,0,0,0,505,0,0,0,0,0,0,0,0,0,0,0,0,0,505,0,0,0,0,0,0,0,0,0,0,0,0,0,,,,,,,,,,,,,
506,0,0,0,0,0,0,0,0,0,0,0,0,0,506,0,0,0,0,0,0,0,0,0,0,0,0,0,506,0,0,0,0,0,0,0,0,0,0,0,0,0,,,,,,,,,,,,,
507,0,0,0,0,0,0,0,0,0,0,0,0,0,507,0,0,0,0,0,0,0,0,0,0,0,0,0,507,0,0,0,0,0,0,0,0,0,0,0,0,0,,,,,,,,,,,,,
508,0,0,0,0,0,0,0,0,0,0,0,0,0,508,0,0,0,0,0,0,0,0,0,0,0,0,0,508,0,0,0,0,0,0,0,0,0,0,0,0,0,,,,,,,,,,,,,
509,0,0,0,0,0,0,0,0,0,0,0,0,0,509,0,0,0,0,0,0,0,0,0,0,0,0,0,509,0,0,0,0,0,0,0,0,0,0,0,0,0,,,,,,,,,,,,,
510,0,0,0,0,0,0,0,0,0,0,0,0,0,510,0,0,0,0,0,0,0,0,0,0,0,0,0,510,0,0,0,0,0,0,0,0,0,0,0,0,0,,,,,,,,,,,,,
511,0,0,0,0,0,0,0,0,0,0,0,0,0,511,0,0,0,0,0,0,0,0,0,0,0,0,0,511,0,0,0,0,0,0,0,0,0,0,0,0,0,,,,,,,,,,,,,
512,0,0,0,0,0,0,0,0,0,0,0,0,0,512,0,0,0,0,0,0,0,0,0,0,0,0,0,512,0,0,0,0,0,0,0,0,0,0,0,0,0,,,,,,,,,,,,,
513,0,0,0,0,0,0,0,0,0,0,0,0,0,513,0,0,0,0,0,0,0,0,0,0,0,0,0,513,0,0,0,0,0,0,0,0,0,0,0,0,0,,,,,,,,,,,,,
514,0,0,0,0,0,0,0,0,0,0,0,0,0,514,0,0,0,0,0,0,0,0,0,0,0,0,0,514,0,0,0,0,0,0,0,0,0,0,0,0,0,,,,,,,,,,,,,
515,0,0,0,0,0,0,0,0,0,0,0,0,0,515,0,0,0,0,0,0,0,0,0,0,0,0,0,515,0,0,0,0,0,0,0,0,0,0,0,0,0,,,,,,,,,,,,,
516,0,0,0,0,0,0,0,0,0,0,0,0,0,516,0,0,0,0,0,0,0,0,0,0,0,0,0,516,0,0,0,0,0,0,0,0,0,0,0,0,0,,,,,,,,,,,,,